Date,Name,Year,Letterboxd URI,Rating,Rewatch,Tags,Watched Date
2021-10-28,Ju-on: The Curse,2000,https://boxd.it/2eWUuJ,3.5,,,2021-10-27
2021-10-29,Ju-on: The Curse 2,2000,https://boxd.it/2f2o8j,3.5,,,2021-10-28
2021-10-31,The Omen,1976,https://boxd.it/2fpjif,4,,,2021-10-30
2021-11-02,Ju-on: The Grudge,2002,https://boxd.it/2fOF0H,4.5,,,2021-11-01
2021-11-03,Ju-on: The Grudge 2,2003,https://boxd.it/2fZaw5,3.5,,,2021-11-02
2021-11-04,The Grudge,2004,https://boxd.it/2g7tb7,3.5,,,2021-11-03
2021-11-06,Pineapple Express,2008,https://boxd.it/2gpuc7,3,,,2021-11-06
2021-11-09,Scream 3,2000,https://boxd.it/2gR5zh,3,Yes,,2021-11-08
2021-11-09,Eternals,2021,https://boxd.it/2gTeVl,4,,,2021-11-08
2021-11-10,Last Night in Soho,2021,https://boxd.it/2h3z7L,4,,,2021-11-10
2021-11-12,The French Dispatch,2021,https://boxd.it/2hju8V,4.5,,,2021-11-11
2021-11-15,All the President's Men,1976,https://boxd.it/2hRVLN,4,,,2021-11-14
2021-11-16,No Time to Die,2021,https://boxd.it/2i6GWr,4,Yes,,2021-11-15
2021-11-18,Mulholland Drive,2001,https://boxd.it/2ik1zT,5,Yes,,2021-11-18
2021-11-20,Insidious: Chapter 2,2013,https://boxd.it/2izQ4d,3.5,Yes,,2021-11-19
2021-11-23,Howl's Moving Castle,2004,https://boxd.it/2j57Wt,3.5,,,2021-11-23
2021-11-24,The Grudge 2,2006,https://boxd.it/2jdcAN,2.5,,,2021-11-23
2021-11-26,Venom: Let There Be Carnage,2021,https://boxd.it/2ju7hF,2,,,2021-11-25
2021-11-28,Three Colours: Blue,1993,https://boxd.it/2jO0tf,4.5,,,2021-11-27
2021-11-29,The Grudge 3,2009,https://boxd.it/2jZqC5,1.5,,,2021-11-28
2021-11-30,Sympathy for Mr. Vengeance,2002,https://boxd.it/2k9tGf,4,,,2021-11-29
2021-12-02,The Hand of God,2021,https://boxd.it/2kpK2t,4.5,,,2021-12-01
2021-12-03,After We Fell,2021,https://boxd.it/2kyYu5,1,,,2021-12-03
2021-12-05,The Amazing Spider-Man,2012,https://boxd.it/2kQjml,3.5,Yes,,2021-12-04
2021-12-06,Persona,1966,https://boxd.it/2l1Y3B,4.5,,,2021-12-05
2021-12-06,Zorns Lemma,1970,https://boxd.it/2l2qtx,4,,,2021-12-06
2021-12-07,Three Colours: White,1994,https://boxd.it/2lbBVF,4,,,2021-12-06
2021-12-08,Ju-On: White Ghost,2009,https://boxd.it/2lkqLn,3.5,,,2021-12-08
2021-12-08,Ju-On: Black Ghost,2009,https://boxd.it/2lkqQR,2.5,,,2021-12-08
2021-12-09,Harry Potter and the Philosopher's Stone,2001,https://boxd.it/2lswXl,4.5,Yes,,2021-12-09
2021-12-12,The Hunt,2012,https://boxd.it/2lS7yH,4,,,2021-12-11
2021-12-12,The Amazing Spider-Man 2,2014,https://boxd.it/2lSKqH,3,Yes,,2021-12-12
2021-12-13,Three Colours: Red,1994,https://boxd.it/2m8MvV,4.5,,,2021-12-13
2021-12-15,Perfect Strangers,2016,https://boxd.it/2mnBWr,4,Yes,,2021-12-15
2021-12-16,Spider-Man: No Way Home,2021,https://boxd.it/2mw6Ad,4.5,,,2021-12-16
2021-12-18,The Celebration,1998,https://boxd.it/2mPOdb,3.5,,,2021-12-17
2021-12-20,FX's A Christmas Carol,2019,https://boxd.it/2ngFzh,3,,,2021-12-20
2021-12-24,Spider-Man: No Way Home,2021,https://boxd.it/2o2PxV,4.5,Yes,,2021-12-24
2021-12-25,Seven Samurai,1954,https://boxd.it/2ockTL,4.5,,,2021-12-24
2021-12-26,Home Alone,1990,https://boxd.it/2oqic9,3,Yes,,2021-12-25
2021-12-26,Trading Places,1983,https://boxd.it/2ouqAr,3,,,2021-12-25
2021-12-27,The House That Jack Built,2018,https://boxd.it/2oJVJT,4,,,2021-12-26
2021-12-27,First Blood,1982,https://boxd.it/2oMkOt,3.5,,,2021-12-27
2021-12-29,The Warriors,1979,https://boxd.it/2pjf5f,3.5,,,2021-12-28
2021-12-30,Demons,1971,https://boxd.it/2pAIrj,4.5,,,2021-12-29
2021-12-31,The Power of the Dog,2021,https://boxd.it/2pQFQn,3.5,,,2021-12-30
2022-01-01,The World Is Not Enough,1999,https://boxd.it/2q5kSx,3.5,Yes,,2021-12-31
2022-01-02,Die Another Day,2002,https://boxd.it/2qmhkV,2.5,Yes,,2022-01-01
2022-01-03,Election,1999,https://boxd.it/2qG6Y1,4,,,2022-01-02
2022-01-03,Encanto,2021,https://boxd.it/2qKVKR,3,,,2022-01-02
2022-01-04,Harry Potter 20th Anniversary: Return to Hogwarts,2022,https://boxd.it/2r3vnl,4,,,2022-01-03
2022-01-05,The Living Daylights,1987,https://boxd.it/2rc5iR,3,Yes,,2022-01-04
2022-01-05,Don't Look Up,2021,https://boxd.it/2rijyV,4,,,2022-01-04
2022-01-06,The Matrix,1999,https://boxd.it/2ryEAF,4,Yes,,2022-01-05
2022-01-07,The Matrix Reloaded,2003,https://boxd.it/2rNa5d,3,Yes,,2022-01-06
2022-01-08,The Matrix Revolutions,2003,https://boxd.it/2s1VO3,3,Yes,,2022-01-07
2022-01-09,Scream 4,2011,https://boxd.it/2sjbKZ,2.5,Yes,,2022-01-08
2022-01-10,The Matrix Resurrections,2021,https://boxd.it/2sBk4f,3,,,2022-01-09
2022-01-12,The Phantom Carriage,1921,https://boxd.it/2sZUqp,4.5,,,2022-01-11
2022-01-14,Strangers on a Train,1951,https://boxd.it/2tz1ft,4,,,2022-01-13
2022-01-16,Spider-Man: No Way Home,2021,https://boxd.it/2u8fcD,4.5,Yes,,2022-01-15
2022-01-17,Scream,2022,https://boxd.it/2uqEfD,3,,,2022-01-16
2022-01-18,Marnie,1964,https://boxd.it/2uERw1,3.5,,,2022-01-17
2022-01-19,Three Colours: Blue,1993,https://boxd.it/2uSqab,5,Yes,,2022-01-18
2022-01-20,Death to 2021,2021,https://boxd.it/2v467l,3,,,2022-01-19
2022-01-22,Eternals,2021,https://boxd.it/2vrSN1,4,Yes,,2022-01-21
2022-01-24,M,1931,https://boxd.it/2vP9Ff,4.5,,,2022-01-23
2022-01-28,Bicycle Thieves,1948,https://boxd.it/2wHgph,4,,,2022-01-27
2022-02-05,A Man Escaped,1956,https://boxd.it/2y9N5T,4,,,2022-02-04
2022-02-05,Psycho,1960,https://boxd.it/2ybTiX,5,Yes,,2022-02-04
2022-02-10,Drive My Car,2021,https://boxd.it/2z8XU5,4,,,2022-02-09
2022-02-11,Woman in the Dunes,1964,https://boxd.it/2ziZgh,4.5,,,2022-02-10
2022-02-12,Nightmare Alley,2021,https://boxd.it/2ztkLb,3.5,,,2022-02-11
2022-02-14,Stalker,1979,https://boxd.it/2zVOU9,4,,,2022-02-13
2022-02-17,King Richard,2021,https://boxd.it/2AqRhV,3.5,,,2022-02-16
2022-02-21,CODA,2021,https://boxd.it/2BjD2d,3.5,,,2022-02-21
2022-02-23,Texas Chainsaw Massacre,2022,https://boxd.it/2BBniP,1,,,2022-02-22
2022-02-27,Dark Glasses,2022,https://boxd.it/2CdVE7,2.5,,,2022-02-26
2022-03-03,"Paris, Texas",1984,https://boxd.it/2CVepr,4.5,,,2022-03-02
2022-03-05,La Haine,1995,https://boxd.it/2DblfF,4,,,2022-03-04
2022-03-05,Belfast,2021,https://boxd.it/2DflfN,3.5,,,2022-03-04
2022-03-06,"The Chronicles of Narnia: The Lion, the Witch and the Wardrobe",2005,https://boxd.it/2DpOnh,3.5,Yes,,2022-03-05
2022-03-07,West Side Story,2021,https://boxd.it/2DHXWB,3,,,2022-03-06
2022-03-08,Batman Returns,1992,https://boxd.it/2DS4dN,4,,,2022-03-07
2022-03-08,The Batman,2022,https://boxd.it/2DVENN,4,,,2022-03-07
2022-03-10,Days of Being Wild,1990,https://boxd.it/2Eg8AT,4,,,2022-03-09
2022-03-11,One Cut of the Dead,2017,https://boxd.it/2Ep5AJ,4.5,,,2022-03-10
2022-03-13,In the Mood for Love,2000,https://boxd.it/2ENlzl,4.5,,,2022-03-12
2022-03-19,Toy Story,1995,https://boxd.it/2FWlvZ,4.5,Yes,,2022-03-18
2022-03-20,Licorice Pizza,2021,https://boxd.it/2G7toT,4,,,2022-03-19
2022-03-21,Portrait of a Lady on Fire,2019,https://boxd.it/2GmwDd,4,,,2022-03-20
2022-03-22,Body Double,1984,https://boxd.it/2GvyQL,3.5,,,2022-03-21
2022-03-23,Akira,1988,https://boxd.it/2GKBeP,4.5,,,2022-03-22
2022-03-27,Turning Red,2022,https://boxd.it/2Hmo9j,3.5,,,2022-03-26
2022-03-29,Come and See,1985,https://boxd.it/2HR9pt,5,,,2022-03-28
2022-03-30,Dressed to Kill,1980,https://boxd.it/2HYFZx,4,,,2022-03-29
2022-03-30,Mean Girls,2004,https://boxd.it/2HZUoD,3,,,2022-03-29
2022-04-03,Superbad,2007,https://boxd.it/2IDxYj,3.5,,,2022-04-02
2022-04-03,Spirited Away,2001,https://boxd.it/2IHpcf,4,,,2022-04-02
2022-04-04,Snake Eyes,1998,https://boxd.it/2IRyn7,3.5,,,2022-04-03
2022-04-05,Videodrome,1983,https://boxd.it/2J49dx,4,,,2022-04-04
2022-04-11,Lux Æterna,2019,https://boxd.it/2K6D8P,3.5,,,2022-04-10
2022-04-12,Koyaanisqatsi,1982,https://boxd.it/2Kihat,4.5,,,2022-04-11
2022-04-13,National Treasure,2004,https://boxd.it/2Kt5ON,3.5,Yes,,2022-04-12
2022-04-14,The Rocky Horror Picture Show,1975,https://boxd.it/2KCGbh,4,Yes,,2022-04-13
2022-04-16,Sosia - La vita degli altri,2021,https://boxd.it/2KTOj3,1.5,,,2022-04-15
2022-04-16,Harakiri,1962,https://boxd.it/2KUNMP,4.5,,,2022-04-15
2022-04-18,Fantastic Beasts: The Secrets of Dumbledore,2022,https://boxd.it/2Lncbb,3.5,,,2022-04-17
2022-04-20,Il Sorpasso,1962,https://boxd.it/2LMGPF,4,,,2022-04-19
2022-04-21,Wild Strawberries,1957,https://boxd.it/2LVQUN,4.5,,,2022-04-20
2022-04-22,Death on the Nile,2022,https://boxd.it/2M6Lhj,3,,,2022-04-21
2022-04-26,The Chronicles of Narnia: Prince Caspian,2008,https://boxd.it/2MOHcx,3,Yes,,2022-04-25
2022-04-27,Ju-on: The Beginning of the End,2014,https://boxd.it/2MZEqX,1.5,,,2022-04-26
2022-04-27,The Northman,2022,https://boxd.it/2N2qZ1,4,,,2022-04-27
2022-04-28,Vortex,2021,https://boxd.it/2N9Gux,4.5,,,2022-04-27
2022-04-30,Je Tu Il Elle,1974,https://boxd.it/2Nu3yH,3.5,,,2022-04-29
2022-05-03,Fermat's Room,2007,https://boxd.it/2O3Hex,2.5,,,2022-05-02
2022-05-05,Doctor Strange in the Multiverse of Madness,2022,https://boxd.it/2OmQuR,4,,,2022-05-04
2022-05-06,Moon Knight,2022,https://boxd.it/2OtvTF,3.5,,,2022-05-05
2022-05-06,Chungking Express,1994,https://boxd.it/2OxjNt,3.5,,,2022-05-05
2022-05-07,Lola,1981,https://boxd.it/2OE0cR,3.5,,,2022-05-06
2022-05-07,Star Wars: The Rise of Skywalker,2019,https://boxd.it/2OIIhp,2,Yes,,2022-05-06
2022-05-10,Ju-On: Origins,2020,https://boxd.it/2PkFxF,3.5,,,2022-05-09
2022-05-12,Choose or Die,2022,https://boxd.it/2PEOJl,2,,,2022-05-11
2022-05-16,Beau Travail,1999,https://boxd.it/2QkNRR,4,,,2022-05-15
2022-05-17,Rabid,1977,https://boxd.it/2QvYLd,3,,,2022-05-16
2022-05-18,Scanners,1981,https://boxd.it/2QGNdB,3.5,,,2022-05-17
2022-05-21,Cosmopolis,2012,https://boxd.it/2R8oMn,4.5,,,2022-05-20
2022-05-21,Spider,2002,https://boxd.it/2Rcuoz,3.5,,,2022-05-20
2022-05-24,Don Juan,2022,https://boxd.it/2RNLSZ,2.5,,,2022-05-23
2022-05-24,November,2022,https://boxd.it/2ROBIn,3.5,,,2022-05-23
2022-05-24,Joyland,2022,https://boxd.it/2RWkkJ,4,,,2022-05-24
2022-05-25,Forever Young,2022,https://boxd.it/2RXi6H,3.5,,,2022-05-24
2022-05-25,The Dam,2022,https://boxd.it/2S02Ez,3,,,2022-05-24
2022-05-25,Nostalgia,2022,https://boxd.it/2S2wI1,3.5,,,2022-05-24
2022-05-25,Decision to Leave,2022,https://boxd.it/2S7vdL,4.5,,,2022-05-25
2022-05-26,Crimes of the Future,2022,https://boxd.it/2S8arf,4,,,2022-05-25
2022-05-26,The Trial,1962,https://boxd.it/2S9NFn,3.5,,,2022-05-25
2022-05-30,Klute,1971,https://boxd.it/2SXCQp,4,,,2022-05-30
2022-05-30,Chip 'n Dale: Rescue Rangers,2022,https://boxd.it/2SYMHJ,3.5,,,2022-05-30
2022-06-02,Dazed and Confused,1993,https://boxd.it/2Tp6Av,3.5,,,2022-06-01
2022-06-03,Jurassic World Dominion,2022,https://boxd.it/2TxtJh,2.5,,,2022-06-02
2022-06-03,eXistenZ,1999,https://boxd.it/2TyIJt,4,,,2022-06-02
2022-06-06,Repo Man,1984,https://boxd.it/2UcEwv,3.5,,,2022-06-06
2022-06-07,Everything Everywhere All at Once,2022,https://boxd.it/2UiSUN,4.5,,,2022-06-07
2022-06-08,The Grudge,2019,https://boxd.it/2Ut65z,2,,,2022-06-07
2022-06-11,The Brood,1979,https://boxd.it/2UXC3P,4,,,2022-06-10
2022-06-15,Clue,1985,https://boxd.it/2VIrhb,3.5,,,2022-06-14
2022-06-17,The Last Temptation of Christ,1988,https://boxd.it/2VYe2J,4,,,2022-06-16
2022-06-20,City Lights,1931,https://boxd.it/2WAq4j,4.5,,,2022-06-19
2022-06-21,Lightyear,2022,https://boxd.it/2WQflZ,3,,,2022-06-20
2022-06-23,Obi-Wan Kenobi,2022,https://boxd.it/2XbBBx,2.5,,,2022-06-22
2022-06-29,The Black Phone,2021,https://boxd.it/2YlmYF,3,,,2022-06-28
2022-06-30,Blind Chance,1987,https://boxd.it/2YBLpH,3.5,,,2022-06-29
2022-07-04,Heat,1995,https://boxd.it/2Zg0jf,4,,,2022-07-03
2022-07-08,Thor: Love and Thunder,2022,https://boxd.it/30182b,3.5,,,2022-07-07
2022-07-11,Taste of Cherry,1997,https://boxd.it/30E9gV,4,,,2022-07-10
2022-07-16,Amores Perros,2000,https://boxd.it/31wuRr,4,,,2022-07-15
2022-07-16,Ring,1998,https://boxd.it/31AFbf,3.5,,,2022-07-15
2022-07-19,The Decameron,1971,https://boxd.it/32gk39,3.5,,,2022-07-18
2022-07-20,Alphaville,1965,https://boxd.it/32sw1X,4.5,,,2022-07-19
2022-07-22,Ju-on: The Final Curse,2015,https://boxd.it/32OvMR,2,,,2022-07-21
2022-07-23,Exam,2009,https://boxd.it/330rK7,2.5,,,2022-07-22
2022-07-24,Coherence,2013,https://boxd.it/338X2R,3,,,2022-07-23
2022-07-25,National Treasure: Book of Secrets,2007,https://boxd.it/33tyf9,3,Yes,,2022-07-24
2022-08-08,Ms. Marvel,2022,https://boxd.it/36FXAx,3,,,2022-08-01
2022-08-08,Touki Bouki,1973,https://boxd.it/36FY5l,3,,,2022-08-01
2022-08-08,Prey,2022,https://boxd.it/36FYpP,3.5,,,2022-08-07
2022-08-10,Five Easy Pieces,1970,https://boxd.it/37aI65,4,,,2022-08-09
2022-08-12,Anatomy of a Murder,1959,https://boxd.it/37uSB3,4.5,,,2022-08-11
2022-08-13,Possessor,2020,https://boxd.it/37GwZL,4,,,2022-08-12
2022-08-13,Nope,2022,https://boxd.it/37Is0t,4,,,2022-08-12
2022-08-19,Spinning Man,2018,https://boxd.it/3908sx,2.5,,,2022-08-18
2022-08-22,Diabolique,1955,https://boxd.it/39xHt7,4,,,2022-08-21
2022-08-23,Twilight,2008,https://boxd.it/39L1SR,2.5,Yes,,2022-08-22
2022-08-23,The Gray Man,2022,https://boxd.it/39QJ63,3,,,2022-08-23
2022-08-24,Saw V,2008,https://boxd.it/39Xaix,2,Yes,,2022-08-23
2022-08-24,Crash,1996,https://boxd.it/3a6QFB,4,,,2022-08-24
2022-08-25,Spider-Man: No Way Home,2021,https://boxd.it/3a9TcX,4.5,Yes,,2022-08-24
2022-09-02,TÁR,2022,https://boxd.it/3bGmvd,3.5,,,2022-09-01
2022-09-02,"BARDO, False Chronicle of a Handful of Truths",2022,https://boxd.it/3bGrB1,4.5,,,2022-09-01
2022-09-04,Godzilla,1954,https://boxd.it/3bZuKN,3.5,,,2022-09-03
2022-09-05,X,2022,https://boxd.it/3c983n,3.5,,,2022-09-04
2022-09-05,Ricky Gervais: SuperNature,2022,https://boxd.it/3ccsTf,3.5,,,2022-09-04
2022-09-05,Pearl,2022,https://boxd.it/3ceYzZ,4,,,2022-09-04
2022-09-06,Don't Worry Darling,2022,https://boxd.it/3crppV,2.5,,,2022-09-05
2022-09-06,Love Life,2022,https://boxd.it/3cty9L,3.5,,,2022-09-05
2022-09-07,Valerie and Her Week of Wonders,1970,https://boxd.it/3cAdb1,4.5,,,2022-09-06
2022-09-11,Doctor Strange in the Multiverse of Madness,2022,https://boxd.it/3dlHMv,4,Yes,,2022-09-10
2022-09-13,Pistol,2022,https://boxd.it/3dHERL,4,,,2022-09-12
2022-09-21,The Magic Flute,1975,https://boxd.it/3fcWxP,3.5,,,2022-09-20
2022-09-21,The Sacrament,2013,https://boxd.it/3ffSCH,3,,,2022-09-20
2022-09-24,Y Tu Mamá También,2001,https://boxd.it/3fRLn7,4,,,2022-09-24
2022-09-25,Avatar,2009,https://boxd.it/3fW5RT,4,Yes,,2022-09-24
2022-09-28,The Vanishing,1988,https://boxd.it/3gzLvt,4.5,,,2022-09-27
2022-09-30,The Innkeepers,2011,https://boxd.it/3gYyNJ,3.5,,,2022-09-29
2022-10-03,Roman Holiday,1953,https://boxd.it/3hDipt,3.5,,,2022-10-02
2022-10-04,You're Next,2011,https://boxd.it/3hRLzZ,3,,,2022-10-03
2022-10-08,Demons,1985,https://boxd.it/3iLA49,4,,,2022-10-08
2022-10-09,Werewolf by Night,2022,https://boxd.it/3iMvyv,2.5,,,2022-10-08
2022-10-12,Son of the White Mare,1981,https://boxd.it/3jxBvh,4,,,2022-10-11
2022-10-14,She-Hulk: Attorney at Law,2022,https://boxd.it/3jXwpP,3,,,2022-10-14
2022-10-15,Halloween Ends,2022,https://boxd.it/3k7amf,2,,,2022-10-14
2022-10-23,Repulsion,1965,https://boxd.it/3lP8hJ,4,,,2022-10-22
2022-10-24,Terrifier,2016,https://boxd.it/3m6AAN,2.5,,,2022-10-23
2022-10-25,Snatch,2000,https://boxd.it/3mjOWf,3.5,,,2022-10-24
2022-10-29,Lot 36,2022,https://boxd.it/3n5n2b,3,,,2022-10-28
2022-10-31,Hereditary,2018,https://boxd.it/3nBSIV,4,Yes,bloodysunday,2022-10-30
2022-11-01,Pierrot le Fou,1965,https://boxd.it/3nOaIX,4,,,2022-10-31
2022-11-02,Graveyard Rats,2022,https://boxd.it/3nZuJ9,3.5,,,2022-11-01
2022-11-02,The Water,2022,https://boxd.it/3o6Ebl,4,,,2022-11-01
2022-11-07,Cure,1997,https://boxd.it/3pbYTr,4,,bloodysunday,2022-11-06
2022-11-09,La Notte,1961,https://boxd.it/3pxiob,4.5,,,2022-11-08
2022-11-11,The Autopsy,2022,https://boxd.it/3pYigl,4,,,2022-11-10
2022-11-13,The Outside,2022,https://boxd.it/3qhNAp,3,,,2022-11-12
2022-11-14,Black Panther: Wakanda Forever,2022,https://boxd.it/3qFfPN,3.5,,,2022-11-13
2022-11-18,Donkey Skin,1970,https://boxd.it/3rqjlB,3,,,2022-11-17
2022-11-19,Pickman's Model,2022,https://boxd.it/3rC24d,2.5,,,2022-11-18
2022-11-21,Disenchanted,2022,https://boxd.it/3s6K7Z,2.5,,,2022-11-20
2022-11-25,Ace in the Hole,1951,https://boxd.it/3sQZCF,4,,,2022-11-24
2022-11-26,The Guardians of the Galaxy Holiday Special,2022,https://boxd.it/3t2x87,3.5,,,2022-11-25
2022-11-28,Angst,1983,https://boxd.it/3tzDjh,4,,bloodysunday,2022-11-27
2022-11-30,Hunger,2008,https://boxd.it/3tZjD9,3.5,,,2022-11-29
2022-12-05,Smile,2022,https://boxd.it/3v0God,2.5,,bloodysunday,2022-12-04
2022-12-06,Triangle of Sadness,2022,https://boxd.it/3vcPWd,4.5,,,2022-12-05
2022-12-10,Guillermo del Toro's Pinocchio,2022,https://boxd.it/3vXQpD,3.5,,,2022-12-09
2022-12-13,Naked,1993,https://boxd.it/3wHhed,3.5,,,2022-12-12
2022-12-16,Mickey's Once Upon a Christmas,1999,https://boxd.it/3xjZiJ,4,Yes,,2022-12-15
2022-12-30,Avatar: The Way of Water,2022,https://boxd.it/3BHBaZ,3.5,,,2022-12-16
2022-12-18,Tokyo Story,1953,https://boxd.it/3xQD63,4,,,2022-12-17
2022-12-19,Sweetie,1989,https://boxd.it/3y1wKH,3,,,2022-12-18
2022-12-19,Black Christmas,1974,https://boxd.it/3y6nqD,3.5,Yes,bloodysunday,2022-12-18
2022-12-23,Kwaidan,1964,https://boxd.it/3z9OeT,4.5,,,2022-12-22
2022-12-25,Glass Onion,2022,https://boxd.it/3zGcLh,4,,,2022-12-24
2022-12-30,A Christmas Tale,2008,https://boxd.it/3BHERx,4,,,2022-12-25
2022-12-30,Resident Evil,2002,https://boxd.it/3BHFOT,3,Yes,,2022-12-28
2022-12-30,Resident Evil: Apocalypse,2004,https://boxd.it/3BHGWT,2.5,Yes,,2022-12-29
2022-12-30,Resident Evil: Extinction,2007,https://boxd.it/3BHHlp,2.5,,,2022-12-29
2022-12-31,Close-Up,1990,https://boxd.it/3Ci7VP,4.5,,,2022-12-31
2023-01-03,The Fabelmans,2022,https://boxd.it/3DjytJ,3.5,,,2023-01-02
2023-01-04,The Big Lebowski,1998,https://boxd.it/3DINpn,4.5,Yes,,2023-01-03
2023-01-09,Puss in Boots: The Last Wish,2022,https://boxd.it/3FMYOp,4,,,2023-01-08
2023-01-10,Stereo (Tile 3B of a CAEE Educational Mosaic),1969,https://boxd.it/3G7Qs3,3.5,,MUBI,2023-01-09
2023-01-17,The Banshees of Inisherin,2022,https://boxd.it/3Iz7LD,4.5,,,2023-01-16
2023-01-19,Maps to the Stars,2014,https://boxd.it/3J3ySL,4,,mubi,2023-01-18
2023-01-31,A Couch in New York,1996,https://boxd.it/3MXMKb,3,,mubi,2023-01-30
2023-02-04,In Bruges,2008,https://boxd.it/3O70IP,4.5,Yes,,2023-02-03
2023-02-05,Terrifier 2,2022,https://boxd.it/3OmfFr,3.5,,,2023-02-04
2023-02-07,Top Gun,1986,https://boxd.it/3P8Vf7,2.5,,,2023-02-06
2023-02-10,Babylon,2022,https://boxd.it/3PSmov,4.5,,,2023-02-09
2023-02-15,Top Gun: Maverick,2022,https://boxd.it/3Re0uz,3.5,,,2023-02-14
2023-02-16,A Short Film About Love,1988,https://boxd.it/3RthIX,3.5,,mubi,2023-02-15
2023-02-19,I Am the Abyss,2022,https://boxd.it/3SkrdL,2,,,2023-02-18
2023-02-21,Ant-Man and the Wasp: Quantumania,2023,https://boxd.it/3T1hjb,2,,,2023-02-20
2023-02-27,All Quiet on the Western Front,2022,https://boxd.it/3UAP1p,4,,,2023-02-26
2023-03-01,Under the Silver Lake,2018,https://boxd.it/3V8q63,4,,mubi,2023-02-28
2023-03-07,F9,2021,https://boxd.it/3WR7mP,2,,,2023-03-06
2023-03-11,Creed,2015,https://boxd.it/3XUtSt,3.5,Yes,,2023-03-10
2023-03-12,Skinamarink,2022,https://boxd.it/3YdbzB,4.5,,,2023-03-11
2023-03-13,Creed II,2018,https://boxd.it/3Yzp1d,3,Yes,,2023-03-12
2023-03-14,Pleasure,2021,https://boxd.it/3YRnsR,3,,mubi,2023-03-13
2023-03-17,Creed III,2023,https://boxd.it/3ZBuE3,3,,,2023-03-16
2023-03-18,The Last of Sheila,1973,https://boxd.it/3ZP8ft,3.5,,,2023-03-17
2023-03-20,Sadako vs. Kayako,2016,https://boxd.it/40sdvz,2.5,,,2023-03-19
2023-03-24,Rocky,1976,https://boxd.it/41mL4z,4,Yes,,2023-03-23
2023-03-25,Rocky II,1979,https://boxd.it/41OoQr,4,Yes,,2023-03-24
2023-03-26,Metropolis,1927,https://boxd.it/41ZPGP,5,Yes,,2023-03-25
2023-03-27,Rocky III,1982,https://boxd.it/42iT1J,3.5,Yes,,2023-03-26
2023-03-27,Rocky IV,1985,https://boxd.it/42slOd,3,Yes,,2023-03-27
2023-04-06,Scream,2022,https://boxd.it/44REml,3,Yes,,2023-04-05
2023-04-07,Next Door,2005,https://boxd.it/45cxn9,3,,,2023-04-06
2023-04-09,Gone Baby Gone,2007,https://boxd.it/45QCqH,3.5,,,2023-04-08
2023-04-10,My Friends,1975,https://boxd.it/46aVnn,4,,,2023-04-09
2023-04-12,Frantic,1988,https://boxd.it/46NQK5,3.5,,,2023-04-11
2023-04-13,Dead Ringers,1988,https://boxd.it/474AIB,4,,,2023-04-12
2023-04-14,Rocky V,1990,https://boxd.it/47ipwR,2.5,,,2023-04-13
2023-04-24,Star Wars Rebels: Spark of Rebellion,2014,https://boxd.it/49XJTr,3,,,2023-04-15
2023-04-16,The Super Mario Bros. Movie,2023,https://boxd.it/47Pw3t,3.5,,,2023-04-16
2023-04-20,Rocky Balboa,2006,https://boxd.it/48SLdj,3.5,,,2023-04-19
2023-04-21,Speak No Evil,2022,https://boxd.it/496aSx,4,,,2023-04-20
2023-04-26,Scream VI,2023,https://boxd.it/4avRP1,3,,,2023-04-25
2023-04-27,BEEF,2023,https://boxd.it/4aJaDf,4,,,2023-04-26
2023-04-28,Money Shot: The Pornhub Story,2023,https://boxd.it/4aZ01x,2,,,2023-04-27
2023-04-29,A Dangerous Method,2011,https://boxd.it/4bbMfh,3.5,,,2023-04-28
2023-05-02,After Ever Happy,2022,https://boxd.it/4c3zA5,1,,,2023-05-01
2023-05-02,Picnic at Hanging Rock,1975,https://boxd.it/4c59Nr,3.5,,mubi,2023-05-01
2023-05-03,Evil Dead II,1987,https://boxd.it/4ckG0x,4,Yes,,2023-05-02
2023-05-04,Evil Dead Rise,2023,https://boxd.it/4cAXd1,3.5,,,2023-05-03
2023-05-05,Star Wars,1977,https://boxd.it/4cVzcv,4.5,Yes,,2023-05-04
2023-05-10,Guardians of the Galaxy Vol. 3,2023,https://boxd.it/4eguQL,4,,,2023-05-09
2023-05-11,How to Train Your Dragon,2010,https://boxd.it/4eregp,4,,,2023-05-10
2023-05-12,No Time to Die,2021,https://boxd.it/4eOAYJ,4,Yes,,2023-05-11
2023-05-13,Dreams in the Witch House,2022,https://boxd.it/4eUwwj,2.5,,,2023-05-12
2023-05-14,The Empire Strikes Back,1980,https://boxd.it/4fasXR,4.5,Yes,,2023-05-13
2023-05-17,The Viewing,2022,https://boxd.it/4fUE7Z,4,,,2023-05-16
2023-05-18,Breaking Surface,2020,https://boxd.it/4g75dJ,3,,,2023-05-17
2023-05-19,How to Train Your Dragon 2,2014,https://boxd.it/4gis7V,3.5,,,2023-05-18
2023-05-20,How to Train Your Dragon: The Hidden World,2019,https://boxd.it/4gzBjZ,4,,,2023-05-19
2023-05-21,The Fly,1986,https://boxd.it/4gPHz7,4.5,Yes,,2023-05-20
2023-05-24,Return of the Jedi,1983,https://boxd.it/4hKd7B,3.5,Yes,,2023-05-23
2023-05-24,Star Wars: Episode I – The Phantom Menace,1999,https://boxd.it/4hKeNt,3.5,Yes,,2023-05-23
2023-06-04,The Dead Zone,1983,https://boxd.it/4kggCJ,3.5,,,2023-06-03
2023-06-06,Star Wars: Episode II – Attack of the Clones,2002,https://boxd.it/4l1fMn,3,Yes,,2023-06-05
2023-06-07,Spider-Man: Across the Spider-Verse,2023,https://boxd.it/4lhBQD,4.5,,,2023-06-06
2023-06-07,Copenhagen Cowboy,2022,https://boxd.it/4liPu9,3.5,,,2023-06-07
2023-06-08,Star Wars: Episode III – Revenge of the Sith,2005,https://boxd.it/4lydk3,4.5,Yes,,2023-06-07
2023-06-13,Fast X,2023,https://boxd.it/4mUFVf,2,,,2023-06-12
2023-06-16,Black Mirror: Joan Is Awful,2023,https://boxd.it/4nyuJH,3,,,2023-06-15
2023-06-16,Last Night of Amore,2023,https://boxd.it/4nCGEH,4,,,2023-06-15
2023-06-16,Black Mirror: Loch Henry,2023,https://boxd.it/4nFLXP,3.5,,,2023-06-15
2023-06-17,Black Mirror: Beyond the Sea,2023,https://boxd.it/4nVGhr,4,,,2023-06-16
2023-06-18,Black Mirror: Mazey Day,2023,https://boxd.it/4o8QkV,2.5,,,2023-06-17
2023-06-19,On Her Majesty's Secret Service,1969,https://boxd.it/4oAeaz,4,Yes,,2023-06-18
2023-06-20,Black Mirror: Demon 79,2023,https://boxd.it/4oMZxp,3,,,2023-06-19
2023-06-20,Knife+Heart,2018,https://boxd.it/4oQBYf,4,,mubi,2023-06-19
2023-06-24,Mixed by Erry,2023,https://boxd.it/4pUTEp,3.5,,,2023-06-23
2023-06-29,Bullet Train,2022,https://boxd.it/4rqZvB,3,,,2023-06-28
2023-06-30,Indiana Jones and the Dial of Destiny,2023,https://boxd.it/4rEgKT,3,,,2023-06-29
2023-07-01,One Cut of the Dead,2017,https://boxd.it/4rWbG9,4.5,Yes,,2023-06-30
2023-07-02,Manhunter,1986,https://boxd.it/4sgdFn,4.5,,,2023-07-01
2023-07-03,The Murmuring,2022,https://boxd.it/4sAJtD,3.5,,,2023-07-02
2023-07-10,Mission: Impossible,1996,https://boxd.it/4uRCNX,4,Yes,,2023-07-09
2023-07-11,Mission: Impossible II,2000,https://boxd.it/4uV4Zj,2.5,Yes,,2023-07-10
2023-07-11,Mission: Impossible III,2006,https://boxd.it/4vc577,3.5,Yes,,2023-07-11
2023-07-12,Mission: Impossible – Ghost Protocol,2011,https://boxd.it/4vlFOz,3.5,Yes,,2023-07-11
2023-07-13,Mission: Impossible – Rogue Nation,2015,https://boxd.it/4vvSGN,4,Yes,,2023-07-12
2023-07-13,Mission: Impossible – Fallout,2018,https://boxd.it/4vynuR,4,Yes,,2023-07-12
2023-07-15,Mission: Impossible – Dead Reckoning,2023,https://boxd.it/4w3maN,3.5,,,2023-07-12
2023-07-22,Basic Instinct,1992,https://boxd.it/4ypnTh,3,,,2023-07-21
2023-07-23,The Graduate,1967,https://boxd.it/4yUf0P,4,,,2023-07-22
2023-07-24,Unfaithful,2002,https://boxd.it/4ztxz9,2.5,,,2023-07-23
2023-07-25,Barbie,2023,https://boxd.it/4zReRV,3.5,,,2023-07-24
2023-07-26,Black Mirror: Joan Is Awful,2023,https://boxd.it/4AyMER,3,Yes,,2023-07-25
2023-07-27,Secret Invasion,2023,https://boxd.it/4AUS0x,2.5,,,2023-07-27
2023-07-29,They Cloned Tyrone,2023,https://boxd.it/4BtSnh,3.5,,,2023-07-28
2023-07-30,The Hateful Eight,2015,https://boxd.it/4C2PJJ,4.5,Yes,,2023-07-30
2023-08-09,The Prestige,2006,https://boxd.it/4FoeH3,3.5,Yes,,2023-08-08
2023-08-24,Oppenheimer,2023,https://boxd.it/4K9Gkr,4.5,,,2023-08-23
2023-08-25,The Last Hours of Mario Biondo,2023,https://boxd.it/4KqHZz,1.5,,,2023-08-24
2023-08-28,The Killing,1956,https://boxd.it/4LmqR5,3.5,,,2023-08-27
2023-08-31,The Sun Will Rise,2023,https://boxd.it/4MeqgL,4,,,2023-08-30
2023-08-31,The Order of Time,2023,https://boxd.it/4Mev0j,2.5,,,2023-08-30
2023-08-31,Snow White and the Seven Dwarfs,1937,https://boxd.it/4MjVmP,4.5,Yes,disneycanon,2023-08-30
2023-09-01,The Commander,2023,https://boxd.it/4MsHkD,3.5,,,2023-08-31
2023-09-01,Stolen,2023,https://boxd.it/4MyFDP,3.5,,,2023-08-31
2023-09-01,Dogman,2023,https://boxd.it/4MGTJD,3,,,2023-09-01
2023-09-02,El Conde,2023,https://boxd.it/4MLJ4b,4,,,2023-09-01
2023-09-02,Poor Things,2023,https://boxd.it/4N0kRx,4.5,,,2023-09-02
2023-09-03,Adagio,2023,https://boxd.it/4N3W1l,3,,,2023-09-02
2023-09-04,The Killer,2023,https://boxd.it/4NGyur,4,,,2023-09-04
2023-09-05,The Dreamer,2023,https://boxd.it/4NObRt,4,,,2023-09-04
2023-09-05,Priscilla,2023,https://boxd.it/4NZfJl,3.5,,,2023-09-05
2023-09-06,Green Border,2023,https://boxd.it/4O2UML,4.5,,,2023-09-05
2023-09-06,Enea,2023,https://boxd.it/4Ofyw3,4,,,2023-09-06
2023-09-07,Shadow of Fire,2023,https://boxd.it/4OgJ4r,3.5,,,2023-09-06
2023-09-07,Pinocchio,1940,https://boxd.it/4OucGZ,4,Yes,disneycanon,2023-09-06
2023-09-07,Io Capitano,2023,https://boxd.it/4OucOT,3,,,2023-09-07
2023-09-08,Snow Leopard,2023,https://boxd.it/4OyOyd,3,,,2023-09-07
2023-09-09,Forever-Forever,2023,https://boxd.it/4OSmop,3,,,2023-09-08
2023-09-09,Humanist Vampire Seeking Consenting Suicidal Person,2023,https://boxd.it/4P2aPN,4,,,2023-09-09
2023-09-09,Out of Season,2023,https://boxd.it/4P3aUl,4,,,2023-09-09
2023-09-10,Saw VI,2009,https://boxd.it/4Pd5uR,2,Yes,,2023-09-09
2023-09-11,Closer,2004,https://boxd.it/4PxOl1,3.5,,,2023-09-10
2023-09-13,Ronin,1998,https://boxd.it/4Q76en,2.5,,,2023-09-12
2023-09-15,A Haunting in Venice,2023,https://boxd.it/4QCrHd,3,,,2023-09-14
2023-09-20,Star Wars: The Force Awakens,2015,https://boxd.it/4S6azF,3,Yes,,2023-09-20
2023-09-25,Missing,2023,https://boxd.it/4Tsx8l,3.5,,,2023-09-24
2023-09-30,The Wonderful Story of Henry Sugar,2023,https://boxd.it/4UPRID,4,,,2023-09-29
2023-10-06,The Swan,2023,https://boxd.it/4WQK97,3.5,,,2023-10-04
2023-10-06,Asteroid City,2023,https://boxd.it/4WQKwF,4,,,2023-10-05
2023-10-07,Talk to Me,2022,https://boxd.it/4X8by3,3.5,,,2023-10-06
2023-10-10,Zombeavers,2014,https://boxd.it/4YhUAP,2,,bloodysunday,2023-10-09
2023-10-11,Totally Killer,2023,https://boxd.it/4YFdSp,2,,,2023-10-10
2023-10-14,Star Wars: The Last Jedi,2017,https://boxd.it/4ZrjnD,3.5,,,2023-10-12
2023-10-17,Thesis,1996,https://boxd.it/50Crcz,3.5,,bloodysunday,2023-10-16
2023-10-23,Killers of the Flower Moon,2023,https://boxd.it/52pU9h,4,,,2023-10-22
2023-10-24,The Beyond,1981,https://boxd.it/52RQBd,3.5,,bloodysunday,2023-10-23
2023-10-27,Gli ospiti,2023,https://boxd.it/53GBYN,3.5,,,2023-10-26
2023-10-29,Star Wars: The Rise of Skywalker,2019,https://boxd.it/54szQj,2,Yes,,2023-10-28
2023-10-30,The Nice Guys,2016,https://boxd.it/54SMlP,3.5,,,2023-10-29
2023-11-01,Saw X,2023,https://boxd.it/55BEMt,2.5,,,2023-10-31
2023-11-05,The Menu,2022,https://boxd.it/56ZHjB,3,,,2023-11-04
2023-11-06,Anatomy of a Fall,2023,https://boxd.it/57lBAP,4,,,2023-11-05
2023-11-08,Killer Klowns from Outer Space,1988,https://boxd.it/580oYh,3,,bloodysunday,2023-11-07
2023-11-15,The Fall of the House of Usher,2023,https://boxd.it/5a6Ocj,4,,,2023-11-14
2023-11-17,Doctor Sleep,2019,https://boxd.it/5aD3p7,3.5,Yes,,2023-11-16
2023-11-18,Air,2023,https://boxd.it/5b0sc9,3,,,2023-11-17
2023-11-20,The Marvels,2023,https://boxd.it/5bz3rD,3,,,2023-11-18
2023-11-21,12 Angry Men,1957,https://boxd.it/5bYSe1,4.5,Yes,,2023-11-19
2023-11-22,Krampus,2015,https://boxd.it/5cosZd,2.5,,bloodysunday,2023-11-21
2023-11-23,The Quick and the Dead,1995,https://boxd.it/5cIGPh,3,,,2023-11-22
2023-11-27,The Hunger Games,2012,https://boxd.it/5e8vdH,3.5,Yes,,2023-11-26
2023-11-28,The Hunger Games: Catching Fire,2013,https://boxd.it/5eAXad,3.5,Yes,,2023-11-27
2023-12-01,The Hunger Games: Mockingjay – Part 1,2014,https://boxd.it/5fl9xl,2.5,Yes,,2023-11-30
2023-12-01,The Hunger Games: Mockingjay – Part 2,2015,https://boxd.it/5frwPf,2.5,Yes,,2023-11-30
2023-12-02,Napoleon,2023,https://boxd.it/5fIjeJ,3.5,,,2023-12-01
2023-12-05,The Hunger Games: The Ballad of Songbirds & Snakes,2023,https://boxd.it/5gUT0r,3.5,,,2023-12-04
2023-12-08,Scott Pilgrim Takes Off,2023,https://boxd.it/5hQKoF,4.5,,,2023-12-08
2023-12-13,Inside,2007,https://boxd.it/5jDTYp,4,,bloodysunday,2023-12-12
2023-12-16,Leave the World Behind,2023,https://boxd.it/5kDpxH,3,,,2023-12-15
2023-12-23,It's a Wonderful Life,1946,https://boxd.it/5njYAX,4,,,2023-12-22
2023-12-25,Lethal Weapon,1987,https://boxd.it/5oxuLX,3.5,,,2023-12-25
2023-12-26,Love Actually,2003,https://boxd.it/5oDUnJ,3.5,,,2023-12-25
2023-12-26,The Nightmare Before Christmas,1993,https://boxd.it/5oK98r,3.5,Yes,,2023-12-25
2023-12-27,Lethal Weapon 2,1989,https://boxd.it/5pfmIf,3,,,2023-12-26
2024-01-02,After Everything,2023,https://boxd.it/5sXWbL,1.5,,,2024-01-02
2024-01-05,Spy Kids: Armageddon,2023,https://boxd.it/5v7F8t,2,,,2024-01-04
2024-01-06,Princess Mononoke,1997,https://boxd.it/5v9nrr,4,,,2024-01-05
2024-01-06,Dumbo,1941,https://boxd.it/5vrLtH,3.5,Yes,disneycanon,2024-01-05
2024-01-07,Bambi,1942,https://boxd.it/5whxzF,3.5,Yes,disneycanon,2024-01-06
2024-01-11,Hawkeye,2021,https://boxd.it/5yxIph,3.5,Yes,,2024-01-10
2024-01-12,Jack Reacher,2012,https://boxd.it/5zb9Or,3,,,2024-01-11
2024-01-13,Edge of Tomorrow,2014,https://boxd.it/5zFq8x,3.5,,,2024-01-12
2024-01-14,Miami Vice,2006,https://boxd.it/5A8Qan,3,,,2024-01-13
2024-01-16,Dopesick,2021,https://boxd.it/5Brhwv,4,,,2024-01-15
2024-01-16,Wings of Desire,1987,https://boxd.it/5ByxnN,4.5,,,2024-01-15
2024-01-18,The Boy and the Heron,2023,https://boxd.it/5Cr3MD,4,,,2024-01-17
2024-01-19,There's Still Tomorrow,2023,https://boxd.it/5CWtJd,4,,,2024-01-18
2024-01-22,Good Will Hunting,1997,https://boxd.it/5EBhlJ,3.5,,,2024-01-21
2024-01-25,Perfect Days,2023,https://boxd.it/5FZPCr,4.5,,,2024-01-24
2024-01-26,Maestro,2023,https://boxd.it/5GrGJ5,3,,,2024-01-25
2024-02-06,Saint Maud,2019,https://boxd.it/5LSrhz,3.5,,bloodysunday,2024-02-05
2024-02-07,Cars,2006,https://boxd.it/5McRst,3.5,Yes,,2024-02-06
2024-02-10,Cars 2,2011,https://boxd.it/5NhM1B,2,Yes,,2024-02-08
2024-02-10,Cars 3,2017,https://boxd.it/5NhMdn,3.5,Yes,,2024-02-09
2024-02-12,Dune,2021,https://boxd.it/5OoCWl,4,Yes,,2024-02-11
2024-02-14,Perfect Blue,1997,https://boxd.it/5Pmi0h,4,,bloodysunday,2024-02-13
2024-02-15,Saludos Amigos,1942,https://boxd.it/5PNoPJ,3,,disneycanon,2024-02-14
2024-02-19,Past Lives,2023,https://boxd.it/5RxVhh,4,,,2024-02-18
2024-02-22,Mad God,2021,https://boxd.it/5T66sd,,,bloodysunday,2024-02-21
2024-03-03,Dune: Part Two,2024,https://boxd.it/5XwoRX,4.5,,,2024-03-02
2024-03-04,Echo,2024,https://boxd.it/5Y5MsR,2,,,2024-03-02
2024-03-05,American Fiction,2023,https://boxd.it/5YHT1f,3.5,,,2024-03-04
2024-03-07,The Holdovers,2023,https://boxd.it/5ZNjFJ,4.5,,,2024-03-07
2024-03-16,Collateral,2004,https://boxd.it/63wrTr,3.5,,,2024-03-15
2024-03-18,The Zone of Interest,2023,https://boxd.it/64QU89,4,,,2024-03-17
2024-03-24,Primer,2004,https://boxd.it/67paZT,4,,,2024-03-23
2024-03-30,Possession,1981,https://boxd.it/6a4zx1,4.5,,,2024-03-29
2024-03-31,In the Mouth of Madness,1994,https://boxd.it/6aLpoz,3.5,,,2024-03-30
2024-04-01,Blade Runner,1982,https://boxd.it/6bjqa7,4.5,Yes,,2024-03-31
2024-04-02,Mamma Mia!,2008,https://boxd.it/6bN8lh,3,,,2024-04-01
2024-04-02,Mamma Mia! Here We Go Again,2018,https://boxd.it/6bUKuv,2.5,,,2024-04-01
2024-04-03,Blade Runner 2049,2017,https://boxd.it/6ckPIz,4.5,Yes,,2024-04-02
2024-04-05,Glorious,2022,https://boxd.it/6daaa1,3,,bloodysunday,2024-04-04
2024-04-07,The Omen,1976,https://boxd.it/6dUbrz,4,Yes,,2024-04-06
2024-04-07,The First Omen,2024,https://boxd.it/6dUcLl,3,,,2024-04-06
2024-04-08,Planet of the Apes,1968,https://boxd.it/6epsof,4,Yes,,2024-04-07
2024-04-17,Shivers,1975,https://boxd.it/6ihp0z,3.5,,bloodysunday,2024-04-16
2024-04-18,Devs,2020,https://boxd.it/6ijfoZ,4,,,2024-04-17
2024-04-23,One Cut of the Dead,2017,https://boxd.it/6ktpQn,4.5,Yes,,2024-04-23
2024-04-26,Civil War,2024,https://boxd.it/6lokWp,4.5,,,2024-04-25
2024-04-26,X-Men,2000,https://boxd.it/6lHqz5,3,Yes,,2024-04-26
2024-04-30,The Fog,1980,https://boxd.it/6nk2wt,3.5,,,2024-04-29
2024-05-01,Challengers,2024,https://boxd.it/6nJNCt,4,,,2024-04-30
2024-05-03,A History of Violence,2005,https://boxd.it/6owBoH,3,,,2024-05-02
2024-05-05,X2,2003,https://boxd.it/6phCeH,3.5,Yes,,2024-05-04
2024-05-05,X-Men: The Last Stand,2006,https://boxd.it/6phFOt,2,Yes,,2024-05-04
2024-05-05,X-Men Origins: Wolverine,2009,https://boxd.it/6pIkfr,2,Yes,,2024-05-05
2024-05-07,Nosferatu the Vampyre,1979,https://boxd.it/6qqwUJ,4,,,2024-05-06
2024-05-08,Baby Reindeer,2024,https://boxd.it/6qN5Yb,4,,,2024-05-07
2024-05-09,Let It Be,1970,https://boxd.it/6rboPb,3,,,2024-05-08
2024-05-10,Knock at the Cabin,2023,https://boxd.it/6rxGsN,3,,,2024-05-09
2024-05-11,X-Men: First Class,2011,https://boxd.it/6s63KN,3.5,Yes,,2024-05-11
2024-05-13,The Wolverine,2013,https://boxd.it/6sGpkp,3,Yes,,2024-05-12
2024-05-13,A Deadly Invitation,2023,https://boxd.it/6sJ33H,2,,,2024-05-12
2024-05-16,Late Night with the Devil,2023,https://boxd.it/6tTLxF,3.5,,bloodysunday,2024-05-15
2024-05-16,Naked Lunch,1991,https://boxd.it/6tTOEz,4.5,,,2024-05-15
2024-05-19,X-Men: Days of Future Past,2014,https://boxd.it/6uONhD,4,Yes,,2024-05-18
2024-05-20,Deadpool,2016,https://boxd.it/6vrbQj,3.5,Yes,,2024-05-19
2024-05-23,Mad Max,1979,https://boxd.it/6wCcwb,3,Yes,,2024-05-22
2024-05-24,Mad Max 2,1981,https://boxd.it/6x26oR,3.5,,,2024-05-23
2024-05-25,Mad Max Beyond Thunderdome,1985,https://boxd.it/6xEGgl,3.5,,,2024-05-25
2024-05-26,Mad Max: Fury Road,2015,https://boxd.it/6xIdzB,4,Yes,,2024-05-25
2024-05-27,Furiosa: A Mad Max Saga,2024,https://boxd.it/6ygMvH,4,,,2024-05-26
2024-05-30,Bubba Ho-tep,2002,https://boxd.it/6zFeMt,3.5,,bloodysunday,2024-05-29
2024-06-03,High and Low,1963,https://boxd.it/6ByOVv,4.5,,,2024-06-02
2024-06-06,Glass Onion,2022,https://boxd.it/6Cv1ZL,3.5,Yes,,2024-06-05
2024-06-10,Kinds of Kindness,2024,https://boxd.it/6E2cSr,3.5,,,2024-06-09
2024-06-10,Thanksgiving,2023,https://boxd.it/6E8p0f,3,,,2024-06-09
2024-06-15,Identity,2003,https://boxd.it/6FYVEz,2.5,,,2024-06-14
2024-06-16,X-Men: Apocalypse,2016,https://boxd.it/6GEf1p,3,Yes,,2024-06-16
2024-06-17,Deliverance,1972,https://boxd.it/6GRC1j,4,,,2024-06-16
2024-06-20,X,2022,https://boxd.it/6I1T4X,3.5,Yes,bloodysunday,2024-06-20
2024-06-26,Jumanji: The Next Level,2019,https://boxd.it/6KqadD,3,,,2024-06-24
2024-06-29,Logan,2017,https://boxd.it/6LIZ2h,4,Yes,,2024-06-29
2024-06-30,Inside Out,2015,https://boxd.it/6LSHOx,4,,,2024-06-29
2024-07-04,Inside Out 2,2024,https://boxd.it/6NCn3d,3.5,,,2024-07-03
2024-07-11,Pearl,2022,https://boxd.it/6QIJFd,4,Yes,bloodysunday,2024-07-10
2024-07-14,Deadpool 2,2018,https://boxd.it/6RX45H,3.5,Yes,,2024-07-13
2024-07-14,The 8 Show,2024,https://boxd.it/6S3vmd,2,,,2024-07-14
2024-07-15,Dark Phoenix,2019,https://boxd.it/6St8rr,2,Yes,,2024-07-14
2024-07-15,The Three Caballeros,1944,https://boxd.it/6SwORx,2.5,,disneycanon,2024-07-14
2024-07-21,Angel Heart,1987,https://boxd.it/6VbFP3,3.5,,,2024-07-21
2024-07-22,Coraline,2009,https://boxd.it/6VI3hN,4,Yes,,2024-07-21
2024-07-22,The Idea of You,2024,https://boxd.it/6VI3If,2,,,2024-07-21
2024-07-23,The Handmaiden,2016,https://boxd.it/6WaH9v,4,,,2024-07-22
2024-07-25,Deadpool & Wolverine,2024,https://boxd.it/6X4EdL,3.5,,,2024-07-24
2024-07-26,The Mothman Prophecies,2002,https://boxd.it/6Xxk9H,2.5,,,2024-07-25
2024-08-02,Jumanji,1995,https://boxd.it/70OEDD,3.5,Yes,,2024-08-01
2024-08-05,Jaws,1975,https://boxd.it/720kS7,4,Yes,,2024-08-04
2024-08-07,Angels & Demons,2009,https://boxd.it/72GNQX,3.5,Yes,,2024-08-06
2024-08-10,Infernal Affairs,2002,https://boxd.it/743PQb,4,,,2024-08-09
2024-08-13,Barbarian,2022,https://boxd.it/75ttnn,3.5,,,2024-08-12
2024-08-14,The Lincoln Lawyer,2011,https://boxd.it/75U09P,3,,,2024-08-13
2024-08-17,Have You Met Claudia?,2004,https://boxd.it/775dfx,3.5,Yes,,2024-08-16
2024-08-17,The Sheltering Sky,1990,https://boxd.it/77dqv5,4,,,2024-08-16
2024-08-19,Alien,1979,https://boxd.it/78ea4N,4.5,Yes,,2024-08-18
2024-08-22,Aliens,1986,https://boxd.it/79rTWZ,4,Yes,,2024-08-21
2024-08-22,Alien: Romulus,2024,https://boxd.it/79AqrB,4,,,2024-08-21
2024-08-26,Longlegs,2024,https://boxd.it/7br29X,4,,,2024-08-25
2024-08-27,Trap,2024,https://boxd.it/7c30y3,2,,,2024-08-26
2024-09-01,Baby Invasion,2024,https://boxd.it/7efNfB,,,,2024-09-01
2024-09-05,John Wick,2014,https://boxd.it/7g1bw5,3,Yes,,2024-09-04
2024-09-06,The Princess and the Frog,2009,https://boxd.it/7gvqin,3.5,Yes,,2024-09-05
2024-09-11,MaXXXine,2024,https://boxd.it/7iRJiN,3,,bloodysunday,2024-09-10
2024-09-21,Network,1976,https://boxd.it/7n6FQx,4.5,,,2024-09-20
2024-09-22,The Wicker Man,1973,https://boxd.it/7ntzuB,4,,,2024-09-21
2024-09-23,Fantasia,1940,https://boxd.it/7nWXy1,4,Yes,disneycanon,2024-09-22
2024-09-23,Dial M for Murder,1954,https://boxd.it/7o8wRJ,4,Yes,,2024-09-22
2024-09-26,Ghostwatch,1992,https://boxd.it/7pmS5f,4.5,,bloodysunday,2024-09-25
2024-09-27,Saw 3D,2010,https://boxd.it/7pJRwl,2,Yes,,2024-09-26
2024-09-29,Incendies,2010,https://boxd.it/7qDwXH,4.5,,,2024-09-28
2024-10-01,Adaptation.,2002,https://boxd.it/7rEWDp,4,,,2024-09-30
2024-10-03,A Nightmare on Elm Street,1984,https://boxd.it/7stpxl,4,Yes,bloodysunday,2024-10-02
2024-10-06,Joker: Folie à Deux,2024,https://boxd.it/7tOjh3,3.5,,,2024-10-05
2024-10-09,Lake Mungo,2008,https://boxd.it/7viNEF,3.5,,,2024-10-08
2024-10-13,Control,2007,https://boxd.it/7x2Cd5,3.5,,,2024-10-12
2024-10-14,The Wild Robot,2024,https://boxd.it/7xIhAB,4,,,2024-10-13
2024-10-18,Megalopolis,2024,https://boxd.it/7zOPKZ,4.5,,,2024-10-17
2024-10-22,Viy,1967,https://boxd.it/7C5VOF,3.5,,bloodysunday,2024-10-21
2024-10-23,Vampyr,1932,https://boxd.it/7CybYH,4,,,2024-10-22
2024-10-26,The Substance,2024,https://boxd.it/7E0LpX,4,,,2024-10-26
2024-10-27,Revenge,2017,https://boxd.it/7EcEJb,4,,,2024-10-26
2024-10-30,Doctor Strange in the Multiverse of Madness,2022,https://boxd.it/7G8I2Z,4,Yes,,2024-10-29
2024-11-01,Agatha All Along,2024,https://boxd.it/7HpKQ1,3.5,,,2024-10-31
2024-11-02,Over the Garden Wall,2014,https://boxd.it/7HRFeR,4.5,Yes,,2024-11-01
2024-11-04,The Great Mouse Detective,1986,https://boxd.it/7IRkGf,4,,,2024-11-03
2024-11-04,The Consequences of Love,2004,https://boxd.it/7IYWTF,3.5,,,2024-11-03
2025-04-13,Dead Ringers,2023,https://boxd.it/9oCTTJ,3.5,,,2024-11-03
2024-11-06,The Guy Who Didn't Like Musicals,2018,https://boxd.it/7JWGsX,4,,bloodysunday,2024-11-05
2024-11-12,Creep 2,2017,https://boxd.it/7MUbyt,3.5,Yes,,2024-11-11
2024-11-13,House on Haunted Hill,1959,https://boxd.it/7Nnkpj,3.5,,,2024-11-12
2024-11-14,Invasion of the Body Snatchers,1956,https://boxd.it/7NPggD,4,,bloodysunday,2024-11-13
2024-11-18,Anora,2024,https://boxd.it/7PJfIH,4.5,,,2024-11-17
2024-11-18,Blade,1998,https://boxd.it/7PWcev,2.5,,,2024-11-17
2024-11-23,The Penguin,2024,https://boxd.it/7SeNiD,4,,,2024-11-23
2024-11-28,The Cube,1969,https://boxd.it/7UFe6J,3.5,,bloodysunday,2024-11-26
2024-11-28,Blade II,2002,https://boxd.it/7USf0N,2.5,,,2024-11-27
2024-11-30,Christmas Holidays,1983,https://boxd.it/7VMGFl,3,,,2024-11-29
2024-12-06,Gremlins,1984,https://boxd.it/7YQa77,3.5,Yes,bloodysunday,2024-12-05
2024-12-09,Harry Potter and the Philosopher's Stone,2001,https://boxd.it/80q8hZ,4.5,Yes,,2024-12-08
2024-12-12,The Holiday,2006,https://boxd.it/81Qw2b,3,,bloodysunday,2024-12-11
2024-12-14,The Muppet Christmas Carol,1992,https://boxd.it/82MKv3,4,,,2024-12-13
2024-12-15,Klaus,2019,https://boxd.it/83k04N,4.5,,,2024-12-14
2024-12-18,Red One,2024,https://boxd.it/8566Sz,2.5,,,2024-12-17
2024-12-19,Blade: Trinity,2004,https://boxd.it/85zQiP,2,,,2024-12-18
2024-12-21,Conclave,2024,https://boxd.it/86zNST,3.5,,,2024-12-20
2024-12-22,The Holdovers,2023,https://boxd.it/87h1Rh,4.5,Yes,,2024-12-21
2024-12-23,Fun and Fancy Free,1947,https://boxd.it/87Lx6d,2.5,,disneycanon,2024-12-22
2024-12-26,Scrooged,1988,https://boxd.it/8a4S6T,2.5,,,2024-12-25
2024-12-26,The Monitor,2011,https://boxd.it/8aidkj,3,,hodtv,2024-12-25
2024-12-27,El Mariachi,1992,https://boxd.it/8aXkpd,3.5,,,2024-12-26
2024-12-28,Deathtrap,1982,https://boxd.it/8bYBy3,3.5,,,2024-12-27
2024-12-30,Nosferatu,1922,https://boxd.it/8dW9ot,4,Yes,,2024-12-29
2025-01-03,Carry-On,2024,https://boxd.it/8hJZft,3,,,2025-01-02
2025-01-04,The Northman,2022,https://boxd.it/8iM9kB,4,Yes,,2025-01-03
2025-01-05,The Witch,2015,https://boxd.it/8jGfv3,4,Yes,,2025-01-04
2025-01-06,Nosferatu,2024,https://boxd.it/8kNBAR,4.5,,,2025-01-05
2025-01-10,Casablanca,1942,https://boxd.it/8oKgZB,4.5,,,2025-01-09
2025-01-11,Compulsion,2017,https://boxd.it/8pvA8B,3,,hodtv,2025-01-10
2025-01-13,Nosferatu,2024,https://boxd.it/8rY5uR,4.5,Yes,,2025-01-12
2025-01-15,The Watchers,2024,https://boxd.it/8u3Iv3,2.5,,bloodysunday,2025-01-15
2025-01-19,28 Days Later,2002,https://boxd.it/8wJagZ,4,,,2025-01-18
2025-01-20,Disclaimer,2024,https://boxd.it/8xzWBb,3.5,,,2025-01-19
2025-01-22,Eraserhead,1977,https://boxd.it/8z9wAx,4,Yes,,2025-01-21
2025-01-23,The Elephant Man,1980,https://boxd.it/8zGNqF,4.5,,,2025-01-22
2025-01-25,The Apprentice,2024,https://boxd.it/8BgsMh,3.5,,,2025-01-24
2025-01-26,Don't Look Now,1973,https://boxd.it/8BGQDl,3.5,,mubi,2025-01-25
2025-01-27,Here,2024,https://boxd.it/8CC7gd,3,,,2025-01-26
2025-01-27,Bridget Jones's Diary,2001,https://boxd.it/8D1Tj5,3,,,2025-01-26
2025-01-28,Dune,1984,https://boxd.it/8DMScL,3.5,Yes,,2025-01-27
2025-02-03,Prisoners,2013,https://boxd.it/8IjgRD,4,Yes,,2025-02-02
2025-02-04,Funeral Parade of Roses,1969,https://boxd.it/8IYqV3,4.5,,,2025-02-03
2025-02-08,Blow Out,1981,https://boxd.it/8LoOvj,4,,,2025-02-07
2025-02-10,The Brutalist,2024,https://boxd.it/8MFoKZ,4.5,,,2025-02-09
2025-02-16,Captain America: Brave New World,2025,https://boxd.it/8Qk0tJ,3,,,2025-02-15
2025-02-17,"The Adventures of Priscilla, Queen of the Desert",1994,https://boxd.it/8RoLdZ,3.5,,,2025-02-16
2025-02-19,Wicked,2024,https://boxd.it/8Sx59t,3.5,,,2025-02-18
2025-02-19,My Bloody Valentine,1981,https://boxd.it/8SM3EJ,3,,bloodysunday,2025-02-18
2025-02-21,28 Weeks Later,2007,https://boxd.it/8TX3uP,2.5,,,2025-02-20
2025-02-23,Bridget Jones: The Edge of Reason,2004,https://boxd.it/8VkWcL,2.5,,,2025-02-23
2025-02-28,The Evil Dead,1981,https://boxd.it/8Yk10l,4.5,Yes,bloodysunday,2025-02-27
2025-03-01,Dragon Ball DAIMA,2024,https://boxd.it/8YSs0v,3.5,,,2025-02-28
2025-03-02,Persona,1966,https://boxd.it/8Zxayh,4.5,Yes,,2025-03-01
2025-03-02,Crimes and Misdemeanors,1989,https://boxd.it/8ZDLrp,4,,,2025-03-01
2025-03-03,Flow,2024,https://boxd.it/908fvh,3.5,,,2025-03-02
2025-03-03,Psycho,1960,https://boxd.it/90pxh7,5,Yes,,2025-03-02
2025-03-05,Evil Dead II,1987,https://boxd.it/91DN17,4,Yes,bloodysunday,2025-03-04
2025-03-08,The American Backyard,2024,https://boxd.it/93kTq3,3,,,2025-03-07
2025-03-09,Shrek 2,2004,https://boxd.it/94d5Ih,4,Yes,,2025-03-09
2025-03-13,Train to Busan,2016,https://boxd.it/96MdG7,3.5,,,2025-03-12
2025-03-17,The Black Cauldron,1985,https://boxd.it/99jicl,3,,,2025-03-16
2025-03-18,In Bruges,2008,https://boxd.it/99S9NH,4.5,Yes,,2025-03-17
2025-03-23,The Verdict,1982,https://boxd.it/9czI5f,4,,,2025-03-22
2025-03-31,Presumed Innocent,1990,https://boxd.it/9hbVUx,3.5,,,2025-03-30
2025-04-01,Mickey 17,2025,https://boxd.it/9hPQGZ,3,,,2025-03-31
2025-04-07,The Shrouds,2024,https://boxd.it/9kSz43,3.5,,,2025-04-06
2025-04-07,Adolescence,2025,https://boxd.it/9l8oGd,4.5,,,2025-04-06
2025-04-12,Mission: Impossible,1996,https://boxd.it/9nZZ1v,4,Yes,,2025-04-12
2025-04-14,Black Mirror: Bête Noire,2025,https://boxd.it/9oYUgx,3,,,2025-04-13
2025-04-15,Black Bag,2025,https://boxd.it/9pz0IJ,4,,,2025-04-14
2025-04-17,Army of Darkness,1992,https://boxd.it/9qEh9v,4,Yes,bloodysunday,2025-04-16
2025-04-19,Sinners,2025,https://boxd.it/9rFaQj,4,,,2025-04-18
2025-04-20,Queer,2024,https://boxd.it/9siwvb,3,,,2025-04-19
2025-04-20,America Latina,2021,https://boxd.it/9suAnJ,3.5,,,2025-04-19
2025-04-21,"sex, lies, and videotape",1989,https://boxd.it/9thcrb,4,,,2025-04-20
2025-04-21,Toy Story 4,2019,https://boxd.it/9thErN,3.5,Yes,,2025-04-20
2025-04-22,Black Mirror: Common People,2025,https://boxd.it/9u2UJn,3.5,,,2025-04-21
2025-04-27,Gosford Park,2001,https://boxd.it/9wQCbF,3,,,2025-04-26
2025-04-29,Black Mirror: Hotel Reverie,2025,https://boxd.it/9y6nc5,3.5,,,2025-04-28
2025-05-01,Thunderbolts*,2025,https://boxd.it/9z9jer,4,,,2025-04-30
2025-05-10,Hijack,2023,https://boxd.it/9Elc8P,2.5,,,2025-05-09
2025-05-10,Dark Web: Descent Into Hell,2021,https://boxd.it/9EomsB,2,,hodtv,2025-05-09
