Date,Name,Year,Letterboxd URI,Rating
2021-04-14,Fast & Furious,2009,https://boxd.it/1Pnm,3.5
2021-04-14,Slumdog Millionaire,2008,https://boxd.it/1S3E,4
2021-04-14,Alice in Wonderland,2010,https://boxd.it/1Spq,3
2021-04-14,Milk,2008,https://boxd.it/1WZC,3.5
2021-04-14,Beauty and the Beast,1991,https://boxd.it/1XhG,4
2021-04-14,[REC],2007,https://boxd.it/20ma,3
2021-04-14,Alien³,1992,https://boxd.it/20zS,3
2021-04-14,The Imaginarium of Doctor Parnassus,2009,https://boxd.it/20DA,3
2021-04-14,Death Proof,2007,https://boxd.it/27GG,4
2021-04-14,Point Break,1991,https://boxd.it/2958,3.5
2021-04-14,Hook,1991,https://boxd.it/29nQ,3.5
2021-04-14,Total Recall,1990,https://boxd.it/29qK,3.5
2021-04-14,Reservoir Dogs,1992,https://boxd.it/2agc,4.5
2021-04-14,Wild at Heart,1990,https://boxd.it/2aii,3.5
2021-04-14,Terminator 2: Judgment Day,1991,https://boxd.it/2aGY,4
2021-04-14,The Silence of the Lambs,1991,https://boxd.it/2aHW,4.5
2021-04-14,The Fisher King,1991,https://boxd.it/2aWM,4
2021-04-14,Argo,2012,https://boxd.it/2czU,3.5
2021-04-14,Silver Linings Playbook,2012,https://boxd.it/2TTo,4
2021-04-14,Suspiria,2018,https://boxd.it/cioI,4
2021-04-14,"Frankenstein's Monster's Monster, Frankenstein",2019,https://boxd.it/mDW2,2.5
2021-04-14,Rose Island,2020,https://boxd.it/nBlq,4
2021-04-14,Forrest Gump,1994,https://boxd.it/728,4
2021-04-14,Falling Down,1993,https://boxd.it/194M,3.5
2021-04-14,Cemetery Man,1994,https://boxd.it/1BES,3.5
2021-04-14,Night at the Museum: Battle of the Smithsonian,2009,https://boxd.it/1H7U,3
2021-04-14,Tetsuo II: Body Hammer,1992,https://boxd.it/1HJY,3.5
2021-04-14,Departures,2008,https://boxd.it/1JFa,3.5
2021-04-14,Manhattan Murder Mystery,1993,https://boxd.it/1Wg8,4
2021-04-14,Yes Man,2008,https://boxd.it/1WPW,2.5
2021-04-14,The Lion King,1994,https://boxd.it/201Q,4
2021-04-14,Ice Age: Dawn of the Dinosaurs,2009,https://boxd.it/20iC,3
2021-04-14,The Wave,2008,https://boxd.it/20OS,4
2021-04-14,Cloverfield,2008,https://boxd.it/2192,3.5
2021-04-14,Mary Shelley's Frankenstein,1994,https://boxd.it/25T4,4
2021-04-14,Planet Terror,2007,https://boxd.it/27Gw,3.5
2021-04-14,Twin Peaks: Fire Walk with Me,1992,https://boxd.it/27Qw,3.5
2021-04-14,Army of Darkness,1992,https://boxd.it/29G4,4
2021-04-14,Schindler's List,1993,https://boxd.it/2aq2,4.5
2021-04-14,Jurassic Park,1993,https://boxd.it/2aA2,4.5
2021-04-14,Groundhog Day,1993,https://boxd.it/2b3e,3.5
2021-04-14,Boyhood,2014,https://boxd.it/3178,3.5
2021-04-14,Mank,2020,https://boxd.it/mIuC,3.5
2021-04-14,The Hobbit: The Desolation of Smaug,2013,https://boxd.it/nmS,4
2021-04-14,The Final Destination,2009,https://boxd.it/1EmW,2.5
2021-04-14,Zombieland,2009,https://boxd.it/1En6,4
2021-04-14,The Hangover,2009,https://boxd.it/1GjK,4
2021-04-14,District 9,2009,https://boxd.it/1Iik,4
2021-04-14,Drag Me to Hell,2009,https://boxd.it/1Jzw,3
2021-04-14,The Girl with the Dragon Tattoo,2009,https://boxd.it/1Mb8,4
2021-04-14,The Ghost Writer,2010,https://boxd.it/1TQW,3.5
2021-04-14,Shutter Island,2010,https://boxd.it/1U82,4.5
2021-04-14,Jumanji,1995,https://boxd.it/1ZLI,3.5
2021-04-14,Primal Fear,1996,https://boxd.it/28ws,3.5
2021-04-14,Die Hard With a Vengeance,1995,https://boxd.it/28zG,3.5
2021-04-14,Toy Story,1995,https://boxd.it/29qA,4.5
2021-04-14,Se7en,1995,https://boxd.it/29zs,4
2021-04-14,From Dusk Till Dawn,1996,https://boxd.it/29HQ,3.5
2021-04-14,GoldenEye,1995,https://boxd.it/29KU,4
2021-04-14,Pulp Fiction,1994,https://boxd.it/29Pq,4.5
2021-04-14,Lost Highway,1997,https://boxd.it/29Wc,4.5
2021-04-14,The Usual Suspects,1995,https://boxd.it/29XE,4
2021-04-14,Fargo,1996,https://boxd.it/2aHM,4
2021-04-14,Before Sunrise,1995,https://boxd.it/2bcU,4.5
2021-04-14,Twelve Monkeys,1995,https://boxd.it/2beQ,4
2021-04-14,Don't Be Bad,2015,https://boxd.it/caKQ,4
2021-04-14,Enter the Void,2009,https://boxd.it/1dy2,4.5
2021-04-14,Polytechnique,2009,https://boxd.it/1AMG,4
2021-04-14,Harry Potter and the Deathly Hallows: Part 2,2011,https://boxd.it/1RYk,4
2021-04-14,Star Wars: The Clone Wars,2008,https://boxd.it/1Sly,3
2021-04-14,Alien Resurrection,1997,https://boxd.it/20zI,2.5
2021-04-14,Hard Eight,1996,https://boxd.it/20DU,3.5
2021-04-14,Boogie Nights,1997,https://boxd.it/23um,4
2021-04-14,Scream 2,1997,https://boxd.it/24Es,3.5
2021-04-14,Scream,1996,https://boxd.it/24EC,4.5
2021-04-14,Space Jam,1996,https://boxd.it/26YO,3.5
2021-04-14,Toy Story 2,1999,https://boxd.it/29qq,4
2021-04-14,Sleepers,1996,https://boxd.it/29xw,3
2021-04-14,Tomorrow Never Dies,1997,https://boxd.it/29Kg,3
2021-04-14,Life Is Beautiful,1997,https://boxd.it/29Wm,4
2021-04-14,Trainspotting,1996,https://boxd.it/29XY,4.5
2021-04-14,Titanic,1997,https://boxd.it/2a2k,4
2021-04-14,Jackie Brown,1997,https://boxd.it/2aVO,4
2021-04-14,The Big Lebowski,1998,https://boxd.it/2b6C,4.5
2021-04-14,Moneyball,2011,https://boxd.it/glS,4
2021-04-14,Mission: Impossible – Ghost Protocol,2011,https://boxd.it/psI,3.5
2021-04-14,Limitless,2011,https://boxd.it/Aly,3.5
2021-04-14,The Truman Show,1998,https://boxd.it/18U8,4
2021-04-14,The Girl Who Played with Fire,2009,https://boxd.it/1y0K,3
2021-04-14,Gran Torino,2008,https://boxd.it/1Qzy,4
2021-04-14,The Legend of 1900,1998,https://boxd.it/1WpY,3.5
2021-04-14,Star Wars: Episode III – Revenge of the Sith,2005,https://boxd.it/27US,4.5
2021-04-14,Star Wars: Episode II – Attack of the Clones,2002,https://boxd.it/27V2,3
2021-04-14,Mission: Impossible II,2000,https://boxd.it/29cS,2.5
2021-04-14,Eyes Wide Shut,1999,https://boxd.it/2axs,4.5
2021-04-14,The Lord of the Rings: The Fellowship of the Ring,2001,https://boxd.it/2b5O,4.5
2021-04-14,Armageddon,1998,https://boxd.it/2b9Q,3
2021-04-14,American History X,1998,https://boxd.it/2bdo,4
2021-04-14,The World's End,2013,https://boxd.it/3EiO,4.5
2021-04-14,First Man,2018,https://boxd.it/cPym,3.5
2021-04-14,Rise of the Planet of the Apes,2011,https://boxd.it/cS4,3.5
2021-04-14,Looper,2012,https://boxd.it/ham,3.5
2021-04-14,X-Men: First Class,2011,https://boxd.it/FOA,3.5
2021-04-14,The Social Network,2010,https://boxd.it/17ue,4.5
2021-04-14,Easy A,2010,https://boxd.it/17DK,3.5
2021-04-14,A Single Man,2009,https://boxd.it/1dx4,3.5
2021-04-14,The Cabin in the Woods,2011,https://boxd.it/1zOc,4.5
2021-04-14,The Twilight Saga: New Moon,2009,https://boxd.it/1Hj2,2
2021-04-14,I Still Know What You Did Last Summer,1998,https://boxd.it/257O,2.5
2021-04-14,Planet of the Apes,2001,https://boxd.it/29ps,2
2021-04-14,Shrek,2001,https://boxd.it/29zi,4
2021-04-14,The Matrix,1999,https://boxd.it/2a1m,4
2021-04-14,Madagascar 3: Europe's Most Wanted,2012,https://boxd.it/2NF6,3
2021-04-14,Oldboy,2013,https://boxd.it/35AS,3
2021-04-14,Evil Dead,2013,https://boxd.it/3GPq,4
2021-04-14,The Irishman,2019,https://boxd.it/dYOq,4
2021-04-14,Monsters University,2013,https://boxd.it/bQm,3.5
2021-04-14,Star Trek Into Darkness,2013,https://boxd.it/uYE,3.5
2021-04-14,This Must Be the Place,2011,https://boxd.it/ws6,4
2021-04-14,The Dark Knight Rises,2012,https://boxd.it/H3m,4
2021-04-14,Unknown,2011,https://boxd.it/JbW,3
2021-04-14,The Hangover Part II,2011,https://boxd.it/PZI,3
2021-04-14,True Grit,2010,https://boxd.it/Sog,4
2021-04-14,Three Men and a Leg,1997,https://boxd.it/16lg,4
2021-04-14,The Girl Who Kicked the Hornet's Nest,2009,https://boxd.it/1f9S,3
2021-04-14,Chloe,2009,https://boxd.it/1pZk,2.5
2021-04-14,Inception,2010,https://boxd.it/1skk,4
2021-04-14,American Psycho,2000,https://boxd.it/28Vs,3
2021-04-14,Nosferatu,1922,https://boxd.it/29TM,4
2021-04-14,Fight Club,1999,https://boxd.it/2a9q,4
2021-04-14,Prometheus,2012,https://boxd.it/2s9e,2.5
2021-04-14,The Hunger Games,2012,https://boxd.it/2uds,3.5
2021-04-14,Mad Max: Fury Road,2015,https://boxd.it/2DjO,4
2021-04-14,Prisoners,2013,https://boxd.it/4E5i,4
2021-04-14,Deadpool,2016,https://boxd.it/9fOC,3.5
2021-04-14,The Girl with the Dragon Tattoo,2011,https://boxd.it/2Pa,4
2021-04-14,Melancholia,2011,https://boxd.it/bPI,4
2021-04-14,The King's Speech,2010,https://boxd.it/dX0,4
2021-04-14,Sherlock Holmes: A Game of Shadows,2011,https://boxd.it/k3S,3.5
2021-04-14,Fast Five,2011,https://boxd.it/BgO,3.5
2021-04-14,Gravity,2013,https://boxd.it/GZY,4
2021-04-14,Insidious,2010,https://boxd.it/H4k,3.5
2021-04-14,127 Hours,2010,https://boxd.it/SLa,3.5
2021-04-14,Paranormal Activity 2,2010,https://boxd.it/ZnO,2
2021-04-14,Contagion,2011,https://boxd.it/13rq,3.5
2021-04-14,Following,1998,https://boxd.it/1Tj4,3.5
2021-04-14,I Stand Alone,1998,https://boxd.it/28Au,3.5
2021-04-14,Spider-Man,2002,https://boxd.it/2a8i,4
2021-04-14,Elysium,2013,https://boxd.it/2cBm,3.5
2021-04-14,Haywire,2011,https://boxd.it/2tx2,2.5
2021-04-14,Oblivion,2013,https://boxd.it/2Bzq,3
2021-04-14,Captain Phillips,2013,https://boxd.it/3GPK,3
2021-04-14,The Conjuring,2013,https://boxd.it/4sr2,4
2021-04-14,Exodus: Gods and Kings,2014,https://boxd.it/4FV0,3
2021-04-14,Aquaman,2018,https://boxd.it/9ru0,3
2021-04-14,A Star Is Born,2018,https://boxd.it/aXgc,3.5
2021-04-14,Halloween,2018,https://boxd.it/f0uE,3.5
2021-04-14,Kick-Ass 2,2013,https://boxd.it/hqu,3
2021-04-14,Midnight in Paris,2011,https://boxd.it/i4a,4
2021-04-14,Boris: The Film,2011,https://boxd.it/kbM,3.5
2021-04-14,Ice Age: Continental Drift,2012,https://boxd.it/lQ2,2.5
2021-04-14,The Immature,2011,https://boxd.it/nWw,3
2021-04-14,Final Destination 5,2011,https://boxd.it/r1k,2.5
2021-04-14,The Twilight Saga: Breaking Dawn – Part 2,2012,https://boxd.it/DdC,1.5
2021-04-14,A Good Day to Die Hard,2013,https://boxd.it/JrK,2
2021-04-14,Faust,1926,https://boxd.it/1Vxi,4
2021-04-14,Hellboy,2004,https://boxd.it/28HK,3.5
2021-04-14,Mulholland Drive,2001,https://boxd.it/297o,5
2021-04-14,The Sixth Sense,1999,https://boxd.it/29Js,3.5
2021-04-14,Jurassic Park III,2001,https://boxd.it/2azI,2
2021-04-14,The Lord of the Rings: The Return of the King,2003,https://boxd.it/2b5u,4.5
2021-04-14,The Lord of the Rings: The Two Towers,2002,https://boxd.it/2b5E,4.5
2021-04-14,Carnage,2011,https://boxd.it/2peU,4.5
2021-04-14,The Dictator,2012,https://boxd.it/2DEW,3.5
2021-04-14,The Intouchables,2011,https://boxd.it/2FT0,3.5
2021-04-14,Snowpiercer,2013,https://boxd.it/3Icg,3.5
2021-04-14,The Revenant,2015,https://boxd.it/8H5e,4.5
2021-04-14,Ready Player One,2018,https://boxd.it/aZes,3.5
2021-04-14,Jackie,2016,https://boxd.it/d6bu,3
2021-04-14,Killing Them Softly,2012,https://boxd.it/IQ,3.5
2021-04-14,A Knight's Tale,2001,https://boxd.it/1YAk,3.5
2021-04-14,Requiem for a Dream,2000,https://boxd.it/29VI,4.5
2021-04-14,Terminator 3: Rise of the Machines,2003,https://boxd.it/2aES,3
2021-04-14,Minority Report,2002,https://boxd.it/2aWi,4
2021-04-14,Gladiator,2000,https://boxd.it/2b9m,3.5
2021-04-14,Django Unchained,2012,https://boxd.it/2cCk,5
2021-04-14,Sinister,2012,https://boxd.it/2TnW,3.5
2021-04-14,Fast & Furious 6,2013,https://boxd.it/2UG6,3
2021-04-14,ACAB : All Cops Are Bastards,2012,https://boxd.it/32ic,3.5
2021-04-14,Seven Psychopaths,2012,https://boxd.it/34PW,3.5
2021-04-14,The Amazing Spider-Man 2,2014,https://boxd.it/3utM,3
2021-04-14,X-Men: Days of Future Past,2014,https://boxd.it/4aRw,4
2021-04-14,American Hustle,2013,https://boxd.it/5dz8,4
2021-04-14,Inherent Vice,2014,https://boxd.it/5hla,4
2021-04-14,The Judge,2014,https://boxd.it/6aiU,3.5
2021-04-14,Black Panther,2018,https://boxd.it/8MHs,3.5
2021-04-14,Blade Runner 2049,2017,https://boxd.it/b8wK,4.5
2021-04-14,Bohemian Rhapsody,2018,https://boxd.it/f1TK,3
2021-04-14,Children of Men,2006,https://boxd.it/1Y2i,4
2021-04-14,Final Destination,2000,https://boxd.it/1YrC,3.5
2021-04-14,Zoolander,2001,https://boxd.it/1YMA,3
2021-04-14,"Monsters, Inc.",2001,https://boxd.it/2a46,4
2021-04-14,Memento,2000,https://boxd.it/2bcK,4.5
2021-04-14,Knight of Cups,2015,https://boxd.it/34Qq,3.5
2021-04-14,Noah,2014,https://boxd.it/34QA,3
2021-04-14,Inside Llewyn Davis,2013,https://boxd.it/34Ro,3.5
2021-04-14,The Hunger Games: Catching Fire,2013,https://boxd.it/3sAw,3.5
2021-04-14,The Hangover Part III,2013,https://boxd.it/3GNY,3
2021-04-14,Guardians of the Galaxy,2014,https://boxd.it/3VH2,4
2021-04-14,Dawn of the Planet of the Apes,2014,https://boxd.it/3XyQ,4
2021-04-14,The Hunger Games: Mockingjay – Part 2,2015,https://boxd.it/4hk0,2.5
2021-04-14,Mama,2013,https://boxd.it/4i9s,3
2021-04-14,Carrie,2013,https://boxd.it/4kC2,2.5
2021-04-14,The Imitation Game,2014,https://boxd.it/6aig,4
2021-04-14,The Neon Demon,2016,https://boxd.it/9AnW,4
2021-04-14,Toy Story 4,2019,https://boxd.it/9ALu,4
2021-04-14,Ford v Ferrari,2019,https://boxd.it/ce74,3.5
2021-04-14,The Fast and the Furious,2001,https://boxd.it/1XMu,3.5
2021-04-14,Unbreakable,2000,https://boxd.it/1XV2,4
2021-04-14,The Family Man,2000,https://boxd.it/22e8,3.5
2021-04-14,Frankenstein,1931,https://boxd.it/25Te,4.5
2021-04-14,The Gift,2000,https://boxd.it/27ys,3.5
2021-04-14,The Others,2001,https://boxd.it/27Po,3.5
2021-04-14,Meet the Parents,2000,https://boxd.it/28vE,4
2021-04-14,Carne,1991,https://boxd.it/28Ak,4
2021-04-14,The Bling Ring,2013,https://boxd.it/3lPY,3
2021-04-14,Frozen,2013,https://boxd.it/3GNa,3
2021-04-14,The Grand Budapest Hotel,2014,https://boxd.it/3ZqO,4.5
2021-04-14,The Hobbit: The Battle of the Five Armies,2014,https://boxd.it/43aU,3
2021-04-14,Alien: Covenant,2017,https://boxd.it/49UY,3.5
2021-04-14,Before Midnight,2013,https://boxd.it/4ive,4.5
2021-04-14,Blue Jasmine,2013,https://boxd.it/50MI,4
2021-04-14,Enemy,2013,https://boxd.it/5xtO,4
2021-04-14,Gone Girl,2014,https://boxd.it/6hQu,4.5
2021-04-14,The Babadook,2014,https://boxd.it/77xu,4.5
2021-04-14,Jumanji: Welcome to the Jungle,2017,https://boxd.it/bUeE,3.5
2021-04-14,Ask Me If I'm Happy,2000,https://boxd.it/Dqw,4
2021-04-14,Mickey's Once Upon a Christmas,1999,https://boxd.it/1Mj2,4
2021-04-14,Panic Room,2002,https://boxd.it/2490,3.5
2021-04-14,House of 1000 Corpses,2003,https://boxd.it/26uE,3
2021-04-14,The Devil's Backbone,2001,https://boxd.it/28Li,3.5
2021-04-14,Harry Potter and the Philosopher's Stone,2001,https://boxd.it/29QS,4.5
2021-04-14,Donnie Darko,2001,https://boxd.it/2b2A,4
2021-04-14,Avengers: Age of Ultron,2015,https://boxd.it/3qi6,3.5
2021-04-14,The Great Beauty,2013,https://boxd.it/5ty6,4
2021-04-14,Human Capital,2013,https://boxd.it/7aCs,4
2021-04-14,Creep,2014,https://boxd.it/7l4c,4
2021-04-14,Focus,2015,https://boxd.it/7zl2,2.5
2021-04-14,Anomalisa,2015,https://boxd.it/97TE,4
2021-04-14,Bone Tomahawk,2015,https://boxd.it/9kiw,4
2021-04-14,Arrival,2016,https://boxd.it/aNGk,4
2021-04-14,"Extremely Wicked, Shockingly Evil and Vile",2019,https://boxd.it/glCG,3
2021-04-14,Kill Bill: Vol. 1,2003,https://boxd.it/70w,4.5
2021-04-14,Finding Nemo,2003,https://boxd.it/72i,4
2021-04-14,The Royal Tenenbaums,2001,https://boxd.it/1YHU,4
2021-04-14,Battle Royale,2000,https://boxd.it/25zS,3.5
2021-04-14,Catch Me If You Can,2002,https://boxd.it/29VS,4
2021-04-14,Ice Age,2002,https://boxd.it/2apS,3.5
2021-04-14,Insomnia,2002,https://boxd.it/2aB0,3.5
2021-04-14,T2 Trainspotting,2017,https://boxd.it/5vTA,4
2021-04-14,Kingsman: The Secret Service,2014,https://boxd.it/6dxe,3.5
2021-04-14,Locke,2013,https://boxd.it/6hHC,4.5
2021-04-14,Ted 2,2015,https://boxd.it/6oCY,2.5
2021-04-14,Fury,2014,https://boxd.it/6JwC,3.5
2021-04-14,Whiplash,2014,https://boxd.it/7bQA,4.5
2021-04-14,Bāhubali: The Beginning,2015,https://boxd.it/7y2y,3.5
2021-04-14,Sinister 2,2015,https://boxd.it/8L58,2
2021-04-14,Leatherface,2017,https://boxd.it/9yyS,3
2021-04-14,Annihilation,2018,https://boxd.it/9yzm,3.5
2021-04-14,Hell or High Water,2016,https://boxd.it/bfGM,4
2021-04-14,Game Night,2018,https://boxd.it/fRtu,4
2021-04-14,Jojo Rabbit,2019,https://boxd.it/iEBG,4
2021-04-14,Cabin Fever,2002,https://boxd.it/1TAu,3
2021-04-14,Wrong Turn,2003,https://boxd.it/1Xzq,2.5
2021-04-14,Red Dragon,2002,https://boxd.it/1Yrs,3.5
2021-04-14,Final Destination 2,2003,https://boxd.it/1YSS,2.5
2021-04-14,Ali G Indahouse,2002,https://boxd.it/1Z24,2.5
2021-04-14,Before the Devil Knows You're Dead,2007,https://boxd.it/20Jy,4.5
2021-04-14,Irreversible,2002,https://boxd.it/29as,4
2021-04-14,Shrek 2,2004,https://boxd.it/29z8,4
2021-04-14,Meet the Fockers,2004,https://boxd.it/29NE,3
2021-04-14,Harry Potter and the Prisoner of Azkaban,2004,https://boxd.it/29Qy,4.5
2021-04-14,Harry Potter and the Chamber of Secrets,2002,https://boxd.it/29QI,4
2021-04-14,The Ring,2002,https://boxd.it/2a70,3.5
2021-04-14,"Good Bye, Lenin!",2003,https://boxd.it/2ayA,3.5
2021-04-14,Batman v Superman: Dawn of Justice,2016,https://boxd.it/6fBW,2
2021-04-14,Lucy,2014,https://boxd.it/75hu,3
2021-04-14,Nightcrawler,2014,https://boxd.it/780m,4.5
2021-04-14,The Conjuring 2,2016,https://boxd.it/7GJg,3.5
2021-04-14,The Theory of Everything,2014,https://boxd.it/7YtA,3.5
2021-04-14,Now You See Me 2,2016,https://boxd.it/99fw,3
2021-04-14,Creed,2015,https://boxd.it/a2qk,3.5
2021-04-14,Pirates of the Caribbean: The Curse of the Black Pearl,2003,https://boxd.it/70G,3.5
2021-04-14,Winnie the Pooh: A Very Merry Pooh Year,2002,https://boxd.it/1PA6,3.5
2021-04-14,The Incredibles,2004,https://boxd.it/1XLm,4
2021-04-14,School of Rock,2003,https://boxd.it/28xK,3.5
2021-04-14,Stagecoach,1939,https://boxd.it/297S,4
2021-04-14,Gone with the Wind,1939,https://boxd.it/29Fq,4.5
2021-04-14,Harry Potter and the Goblet of Fire,2005,https://boxd.it/29Qo,3.5
2021-04-14,Troy,2004,https://boxd.it/29TW,3.5
2021-04-14,The Wizard of Oz,1939,https://boxd.it/29Xu,4
2021-04-14,City of God,2002,https://boxd.it/2a2a,4.5
2021-04-14,Spider-Man 2,2004,https://boxd.it/2a88,4.5
2021-04-14,Mystic River,2003,https://boxd.it/2aAG,4
2021-04-14,Bruce Almighty,2003,https://boxd.it/2aCC,3.5
2021-04-14,Fantastic Beasts and Where to Find Them,2016,https://boxd.it/7FPC,3.5
2021-04-14,Room,2015,https://boxd.it/7T0y,4
2021-04-14,It Follows,2014,https://boxd.it/87wo,4
2021-04-14,Insidious: Chapter 3,2015,https://boxd.it/8BkM,2.5
2021-04-14,Youth,2015,https://boxd.it/9Y7S,3.5
2021-04-14,Loving Vincent,2017,https://boxd.it/biIQ,4
2021-04-14,Sully,2016,https://boxd.it/cD8Q,3.5
2021-04-14,Citizen Kane,1941,https://boxd.it/71O,4.5
2021-04-14,"The Legend of Al, John and Jack",2002,https://boxd.it/164a,4
2021-04-14,Memories of Murder,2003,https://boxd.it/1TSo,4
2021-04-14,"I, Robot",2004,https://boxd.it/27y8,3.5
2021-04-14,Live Free or Die Hard,2007,https://boxd.it/28zQ,3.5
2021-04-14,Mr. & Mrs. Smith,2005,https://boxd.it/29CG,3.5
2021-04-14,Lost in Translation,2003,https://boxd.it/2b0E,4
2021-04-14,Walk the Line,2005,https://boxd.it/2bdS,4
2021-04-14,The Secret Life of Walter Mitty,2013,https://boxd.it/3SWy,4
2021-04-14,X-Men: Apocalypse,2016,https://boxd.it/7eJi,3
2021-04-14,What We Do in the Shadows,2014,https://boxd.it/7eQy,4
2021-04-14,I Can Quit Whenever I Want,2014,https://boxd.it/7kAm,4
2021-04-14,Kung Fury,2015,https://boxd.it/7mSM,4
2021-04-14,The Lobster,2015,https://boxd.it/7tnw,4
2021-04-14,The Hateful Eight,2015,https://boxd.it/8gw8,4.5
2021-04-14,Sicario,2015,https://boxd.it/8i7u,4
2021-04-14,War for the Planet of the Apes,2017,https://boxd.it/8FE2,4
2021-04-14,Captain Fantastic,2016,https://boxd.it/b2K2,4
2021-04-14,Scary Stories to Tell in the Dark,2019,https://boxd.it/eJTW,3.5
2021-04-14,We Don't Live Here Anymore,2004,https://boxd.it/1z1O,3.5
2021-04-14,Inglourious Basterds,2009,https://boxd.it/1JzG,4.5
2021-04-14,The Village,2004,https://boxd.it/21iS,4
2021-04-14,Halloween,2007,https://boxd.it/27u6,3.5
2021-04-14,Iron Man,2008,https://boxd.it/28dA,4.5
2021-04-14,Shaun of the Dead,2004,https://boxd.it/29J8,4
2021-04-14,Harry Potter and the Order of the Phoenix,2007,https://boxd.it/29Qe,3.5
2021-04-14,Oldboy,2003,https://boxd.it/29R2,4
2021-04-14,Downfall,2004,https://boxd.it/2a04,4
2021-04-14,"The Chronicles of Narnia: The Lion, the Witch and the Wardrobe",2005,https://boxd.it/2ark,3.5
2021-04-14,Batman Begins,2005,https://boxd.it/2aIg,4
2021-04-14,Charlie and the Chocolate Factory,2005,https://boxd.it/2b68,2.5
2021-04-14,Incredibles 2,2018,https://boxd.it/7IPg,3.5
2021-04-14,The Martian,2015,https://boxd.it/8SeG,4
2021-04-14,Bridge of Spies,2015,https://boxd.it/9n9C,4
2021-04-14,Turbo Kid,2015,https://boxd.it/9X0c,3
2021-04-14,Rogue One: A Star Wars Story,2016,https://boxd.it/aPvy,4
2021-04-14,Gerald's Game,2017,https://boxd.it/buKa,3.5
2021-04-14,Mine,2016,https://boxd.it/bywc,3
2021-04-14,Casino Royale,2006,https://boxd.it/1alk,4.5
2021-04-14,The Exorcism of Emily Rose,2005,https://boxd.it/200I,4
2021-04-14,The 40 Year Old Virgin,2005,https://boxd.it/21hK,3.5
2021-04-14,Ratatouille,2007,https://boxd.it/27ww,4
2021-04-14,Rope,1948,https://boxd.it/28yo,4.5
2021-04-14,The Departed,2006,https://boxd.it/28MA,4.5
2021-04-14,Kill Bill: Vol. 2,2004,https://boxd.it/2au4,4.5
2021-04-14,Saw,2004,https://boxd.it/2aWW,4
2021-04-14,Guardians of the Galaxy Vol. 2,2017,https://boxd.it/8MxC,4
2021-04-14,Love,2015,https://boxd.it/9brE,4
2021-04-14,La La Land,2016,https://boxd.it/a5fa,4.5
2021-04-14,The Boy,2016,https://boxd.it/apZi,2.5
2021-04-14,Manchester by the Sea,2016,https://boxd.it/b2L0,3.5
2021-04-14,Swiss Army Man,2016,https://boxd.it/bDG2,4
2021-04-14,Suburra,2015,https://boxd.it/c3VM,3.5
2021-04-14,They Call Me Jeeg,2015,https://boxd.it/czfI,4
2021-04-14,Okja,2017,https://boxd.it/dvXe,3.5
2021-04-14,Sweeney Todd: The Demon Barber of Fleet Street,2007,https://boxd.it/1PcS,3.5
2021-04-14,Mickey's Twice Upon a Christmas,2004,https://boxd.it/1QiW,4
2021-04-14,Watchmen,2009,https://boxd.it/1QE4,3.5
2021-04-14,Toy Story 3,2010,https://boxd.it/1WRe,4
2021-04-14,The Descent,2005,https://boxd.it/1YNy,4
2021-04-14,Hot Fuzz,2007,https://boxd.it/2416,4
2021-04-14,300,2006,https://boxd.it/28XI,3.5
2021-04-14,Shrek the Third,2007,https://boxd.it/29yY,2.5
2021-04-14,V for Vendetta,2005,https://boxd.it/29Ik,4
2021-04-14,Spider-Man 3,2007,https://boxd.it/2a7Y,3.5
2021-04-14,Saw II,2005,https://boxd.it/2aRs,2.5
2021-04-14,Match Point,2005,https://boxd.it/2b6s,3.5
2021-04-14,The Giver,2014,https://boxd.it/6HWo,2.5
2021-04-14,Avengers: Endgame,2019,https://boxd.it/9vE4,4
2021-04-14,Avengers: Infinity War,2018,https://boxd.it/9vEe,4
2021-04-14,Captain Marvel,2019,https://boxd.it/9vSA,3
2021-04-14,Don't Breathe,2016,https://boxd.it/9yzw,3.5
2021-04-14,The Witch,2015,https://boxd.it/9X0m,4
2021-04-14,Scott Pilgrim vs. the World,2010,https://boxd.it/1Aq6,4
2021-04-14,Dead Silence,2007,https://boxd.it/1OWK,3
2021-04-14,Kung Fu Panda,2008,https://boxd.it/1Yws,3.5
2021-04-14,1408,2007,https://boxd.it/25Vu,3.5
2021-04-14,Zodiac,2007,https://boxd.it/27MO,4
2021-04-14,Pan's Labyrinth,2006,https://boxd.it/28No,4.5
2021-04-14,The Pursuit of Happyness,2006,https://boxd.it/28PE,3.5
2021-04-14,Blood Diamond,2006,https://boxd.it/28Tm,4
2021-04-14,Borat: Cultural Learnings of America for Make Benefit Glorious Nation of Kazakhstan,2006,https://boxd.it/2agQ,3
2021-04-14,Inside Man,2006,https://boxd.it/2auS,4
2021-04-14,Ice Age: The Meltdown,2006,https://boxd.it/2wRk,3
2021-04-14,Life of Pi,2012,https://boxd.it/37pC,4
2021-04-14,The Equalizer,2014,https://boxd.it/4TUK,2.5
2021-04-14,John Wick: Chapter 2,2017,https://boxd.it/ayGu,3.5
2021-04-14,Nocturnal Animals,2016,https://boxd.it/bkFu,4.5
2021-04-14,Darkest Hour,2017,https://boxd.it/dZZa,3.5
2021-04-14,Better Watch Out,2016,https://boxd.it/ekeO,3.5
2021-04-14,High School Musical,2006,https://boxd.it/1V0y,3.5
2021-04-14,The Strangers,2008,https://boxd.it/1VGY,3.5
2021-04-14,Madagascar: Escape 2 Africa,2008,https://boxd.it/1W2K,2.5
2021-04-14,There Will Be Blood,2007,https://boxd.it/20Z2,4.5
2021-04-14,No Country for Old Men,2007,https://boxd.it/21ew,4.5
2021-04-14,Night at the Museum,2006,https://boxd.it/28wi,3.5
2021-04-14,The Host,2006,https://boxd.it/28ZY,3.5
2021-04-14,Rear Window,1954,https://boxd.it/2a6Q,4
2021-04-14,The Dark Knight,2008,https://boxd.it/2b0k,4.5
2021-04-14,The Orphanage,2007,https://boxd.it/2bfE,3.5
2021-04-14,Ex Machina,2015,https://boxd.it/7T2k,4
2021-04-14,Spider-Man: Into the Spider-Verse,2018,https://boxd.it/azpY,4
2021-04-14,A Cure for Wellness,2016,https://boxd.it/bkQW,3
2021-04-14,Kingsman: The Golden Circle,2017,https://boxd.it/buJm,3
2021-04-14,Collateral Beauty,2016,https://boxd.it/bAIu,2
2021-04-14,Mr. Nobody,2009,https://boxd.it/1k44,3.5
2021-04-14,Vicky Cristina Barcelona,2008,https://boxd.it/23rW,4
2021-04-14,The Chronicles of Narnia: Prince Caspian,2008,https://boxd.it/26Hy,3
2021-04-14,The Man Who Knew Too Much,1956,https://boxd.it/2a5S,4
2021-04-14,12 Angry Men,1957,https://boxd.it/2auI,4.5
2021-04-14,Saw III,2006,https://boxd.it/2aRC,2.5
2021-04-14,Silence,2016,https://boxd.it/2cAo,4.5
2021-04-14,Bāhubali 2: The Conclusion,2017,https://boxd.it/bMfO,3.5
2021-04-14,Mission: Impossible – Fallout,2018,https://boxd.it/bSVc,4
2021-04-14,"Three Billboards Outside Ebbing, Missouri",2017,https://boxd.it/ceBS,4.5
2021-04-14,Dunkirk,2017,https://boxd.it/d0Y6,4.5
2021-04-14,Hush,2016,https://boxd.it/d5ys,3.5
2021-04-14,Moonlight,2016,https://boxd.it/d6bE,4
2021-04-14,Split,2016,https://boxd.it/dgSy,4
2021-04-14,Lady Bird,2017,https://boxd.it/dGNE,3.5
2021-04-14,Raw,2016,https://boxd.it/dLd2,4
2021-04-14,Get Out,2017,https://boxd.it/eOCm,4
2021-04-14,Dr. No,1962,https://boxd.it/29UU,3.5
2021-04-14,Psycho,1960,https://boxd.it/2ab2,5
2021-04-14,The Seventh Seal,1957,https://boxd.it/2ahO,4.5
2021-04-14,Vertigo,1958,https://boxd.it/2apI,4.5
2021-04-14,8½,1963,https://boxd.it/2aqm,4.5
2021-04-14,The Favourite,2018,https://boxd.it/d2hI,4
2021-04-14,Deadpool 2,2018,https://boxd.it/dlLM,3.5
2021-04-14,The Florida Project,2017,https://boxd.it/dMG0,3.5
2021-04-14,Wind River,2017,https://boxd.it/dR3i,3.5
2021-04-14,Annabelle: Creation,2017,https://boxd.it/dSxe,3.5
2021-04-14,Brawl in Cell Block 99,2017,https://boxd.it/dWOo,4
2021-04-14,The Beguiled,2017,https://boxd.it/dZ1k,3.5
2021-04-14,The Shape of Water,2017,https://boxd.it/dZ5m,4
2021-04-14,Logan Lucky,2017,https://boxd.it/dZrs,3.5
2021-04-14,Isle of Dogs,2018,https://boxd.it/dZrW,4
2021-04-14,The Nile Hilton Incident,2017,https://boxd.it/fb06,3.5
2021-04-14,Ghost Stories,2017,https://boxd.it/fdA6,3.5
2021-04-14,Happy Death Day,2017,https://boxd.it/fDz4,2.5
2021-04-14,All the Money in the World,2017,https://boxd.it/fUsk,4
2021-04-14,Sound of Metal,2019,https://boxd.it/i7Q4,3.5
2021-04-14,Blood and Black Lace,1964,https://boxd.it/1qme,4
2021-04-14,For a Few Dollars More,1965,https://boxd.it/29eu,4
2021-04-14,From Russia with Love,1963,https://boxd.it/29T8,3.5
2021-04-14,"The Good, the Bad and the Ugly",1966,https://boxd.it/2ape,4.5
2021-04-14,A Fistful of Dollars,1964,https://boxd.it/2auo,4
2021-04-14,You Were Never Really Here,2017,https://boxd.it/dWOS,4
2021-04-14,Call Me by Your Name,2017,https://boxd.it/dYmm,4
2021-04-14,The Killing of a Sacred Deer,2017,https://boxd.it/dZ5G,4.5
2021-04-14,Phantom Thread,2017,https://boxd.it/e4uc,4
2021-04-14,I Can Quit Whenever I Want 2: Masterclass,2017,https://boxd.it/eiIi,3.5
2021-04-14,Insidious: The Last Key,2018,https://boxd.it/ej2C,2
2021-04-14,The Lion King,2019,https://boxd.it/eSjI,3
2021-04-14,Roma,2018,https://boxd.it/f69M,4.5
2021-04-14,Wonder Wheel,2017,https://boxd.it/fcGC,3
2021-04-14,Becoming Bond,2017,https://boxd.it/fzw6,4
2021-04-14,I Can Quit Whenever I Want 3: Ad Honorem,2017,https://boxd.it/fCEM,3.5
2021-04-14,Pokémon Detective Pikachu,2019,https://boxd.it/fVA0,3
2021-04-14,Uncut Gems,2019,https://boxd.it/gXGc,4.5
2021-04-14,Ghostland,2018,https://boxd.it/h5Uw,3.5
2021-04-14,Four Flies on Grey Velvet,1971,https://boxd.it/1kN4,3.5
2021-04-14,The Cat o' Nine Tails,1971,https://boxd.it/1rPm,4
2021-04-14,The Bird with the Crystal Plumage,1970,https://boxd.it/1DDW,3.5
2021-04-14,Take the Money and Run,1969,https://boxd.it/1TJQ,4
2021-04-14,Bananas,1971,https://boxd.it/1UbA,3.5
2021-04-14,Night of the Living Dead,1968,https://boxd.it/1WwA,4.5
2021-04-14,They Call Me Trinity,1970,https://boxd.it/1YNe,4
2021-04-14,Rosemary's Baby,1968,https://boxd.it/29zM,3.5
2021-04-14,THX 1138,1971,https://boxd.it/29Ww,3.5
2021-04-14,Easy Rider,1969,https://boxd.it/29Ys,4.5
2021-04-14,A Clockwork Orange,1971,https://boxd.it/2aVE,4
2021-04-14,Terminator: Dark Fate,2019,https://boxd.it/96YI,2.5
2021-04-14,A Ghost Story,2017,https://boxd.it/fb0K,4
2021-04-14,Vice,2018,https://boxd.it/fcFY,3.5
2021-04-14,Bad Times at the El Royale,2018,https://boxd.it/fSA2,3.5
2021-04-14,The Post,2017,https://boxd.it/fTeG,3.5
2021-04-14,A Quiet Place,2018,https://boxd.it/fVJQ,4
2021-04-14,Close Enemies,2018,https://boxd.it/hrHu,3
2021-04-14,Bombshell,2019,https://boxd.it/j5YC,3.5
2021-04-14,The Ballad of Buster Scruggs,2018,https://boxd.it/jB2q,4
2021-04-14,Tenet,2020,https://boxd.it/leq4,3.5
2021-04-14,The Exorcist,1973,https://boxd.it/1Yoo,4
2021-04-14,"Watch Out, We're Mad",1974,https://boxd.it/21kk,3.5
2021-04-14,A Bay of Blood,1971,https://boxd.it/232i,4
2021-04-14,Last Tango in Paris,1972,https://boxd.it/28pw,4
2021-04-14,Sleuth,1972,https://boxd.it/298c,3.5
2021-04-14,Solaris,1972,https://boxd.it/2a2Y,4.5
2021-04-14,The Conversation,1974,https://boxd.it/2a38,4
2021-04-14,The Godfather,1972,https://boxd.it/2aNK,4.5
2021-04-14,The Other Side of the Wind,2018,https://boxd.it/9w5Y,4
2021-04-14,Loro 1,2018,https://boxd.it/eKwE,3.5
2021-04-14,Guns Akimbo,2019,https://boxd.it/gkFu,3.5
2021-04-14,Us,2019,https://boxd.it/gnV6,4
2021-04-14,Once Upon a Time... in Hollywood,2019,https://boxd.it/gH0O,4
2021-04-14,A Rainy Day in New York,2019,https://boxd.it/h2z6,3.5
2021-04-14,Dogman,2018,https://boxd.it/hniA,4
2021-04-14,There's No Place Like Home,2018,https://boxd.it/hu5o,3
2021-04-14,Green Book,2018,https://boxd.it/hErk,3.5
2021-04-14,Parasite,2019,https://boxd.it/hTha,4.5
2021-04-14,The Rocky Horror Picture Show,1975,https://boxd.it/1a3q,4
2021-04-14,The Texas Chain Saw Massacre,1974,https://boxd.it/1lcS,4
2021-04-14,Deep Red,1975,https://boxd.it/1E1E,4.5
2021-04-14,Assault on Precinct 13,1976,https://boxd.it/1I2c,4.5
2021-04-14,The Tenant,1976,https://boxd.it/1TKk,3.5
2021-04-14,Carrie,1976,https://boxd.it/20ZQ,3.5
2021-04-14,Into the Wild,2007,https://boxd.it/22m2,3.5
2021-04-14,Young Frankenstein,1974,https://boxd.it/25To,4
2021-04-14,Rocky,1976,https://boxd.it/28Uk,4
2021-04-14,Eraserhead,1977,https://boxd.it/299u,4
2021-04-14,Annie Hall,1977,https://boxd.it/29M2,4
2021-04-14,Jaws,1975,https://boxd.it/2a5e,4
2021-04-14,One Flew Over the Cuckoo's Nest,1975,https://boxd.it/2aeA,4.5
2021-04-14,The Godfather Part II,1974,https://boxd.it/2aNq,4.5
2021-04-14,Taxi Driver,1976,https://boxd.it/2b8y,4.5
2021-04-14,It Chapter Two,2019,https://boxd.it/h10u,3
2021-04-14,Joker,2019,https://boxd.it/h4cS,4
2021-04-14,BlacKkKlansman,2018,https://boxd.it/hxL8,3.5
2021-04-14,The Devil All the Time,2020,https://boxd.it/i2tY,4
2021-04-14,Drive,2011,https://boxd.it/IG,4
2021-04-14,Apocalypse Now,1979,https://boxd.it/6ZS,4.5
2021-04-14,Star Wars,1977,https://boxd.it/72s,4.5
2021-04-14,Man of Steel,2013,https://boxd.it/FRk,3.5
2021-04-14,The Night Before the Exams,2006,https://boxd.it/1fE2,3.5
2021-04-14,Star Trek,2009,https://boxd.it/1Q6c,3.5
2021-04-14,Suspiria,1977,https://boxd.it/1SNW,4.5
2021-04-14,Eastern Promises,2007,https://boxd.it/275q,3.5
2021-04-14,Death at a Funeral,2007,https://boxd.it/27dO,3.5
2021-04-14,Dawn of the Dead,1978,https://boxd.it/29gU,4
2021-04-14,Alien,1979,https://boxd.it/2awY,4.5
2021-04-14,Halloween,1978,https://boxd.it/2wRu,4
2021-04-14,Three Identical Strangers,2018,https://boxd.it/hDNO,3
2021-04-14,Searching,2018,https://boxd.it/hDPg,3.5
2021-04-14,Marriage Story,2019,https://boxd.it/hJAw,4.5
2021-04-14,Hereditary,2018,https://boxd.it/hNVe,4
2021-04-14,I'm Thinking of Ending Things,2020,https://boxd.it/i4IQ,4.5
2021-04-14,The Invisible Witness,2018,https://boxd.it/kkf0,3.5
2021-04-14,Ready or Not,2019,https://boxd.it/kOf0,3.5
2021-04-14,Inferno,1980,https://boxd.it/1KbK,3.5
2021-04-14,High School Musical 2,2007,https://boxd.it/1PIu,3
2021-04-14,Death Sentence,2007,https://boxd.it/1SYA,3.5
2021-04-14,Quantum of Solace,2008,https://boxd.it/1Vs8,3
2021-04-14,Friday the 13th Part 2,1981,https://boxd.it/1XXC,3
2021-04-14,Funny Games,2007,https://boxd.it/207a,3.5
2021-04-14,Friday the 13th,1980,https://boxd.it/24fs,3
2021-04-14,The Empire Strikes Back,1980,https://boxd.it/27Vw,4.5
2021-04-14,Raging Bull,1980,https://boxd.it/28yI,4
2021-04-14,Escape from New York,1981,https://boxd.it/294k,3.5
2021-04-14,The Shining,1980,https://boxd.it/29Nu,5
2021-04-14,Raiders of the Lost Ark,1981,https://boxd.it/2bbs,4
2021-04-14,Godzilla,2014,https://boxd.it/47OE,3
2021-04-14,Interstellar,2014,https://boxd.it/4VZ8,4
2021-04-14,The King,2019,https://boxd.it/ieZs,4
2021-04-14,Crawl,2019,https://boxd.it/iwYi,3
2021-04-14,Loro 2,2018,https://boxd.it/iT9C,4
2021-04-14,Annabelle Comes Home,2019,https://boxd.it/iU5m,3
2021-04-14,Cam,2018,https://boxd.it/iWvG,2.5
2021-04-14,Ghostbusters,1984,https://boxd.it/g2w,3.5
2021-04-14,Phenomena,1985,https://boxd.it/1o4s,3
2021-04-14,The Avengers,2012,https://boxd.it/1xFW,4
2021-04-14,Mickey's Christmas Carol,1983,https://boxd.it/1NkU,4.5
2021-04-14,The Big Chill,1983,https://boxd.it/1RHI,3.5
2021-04-14,Zelig,1983,https://boxd.it/1UOC,4
2021-04-14,Return of the Jedi,1983,https://boxd.it/27Vm,3.5
2021-04-14,Rocky III,1982,https://boxd.it/28Tw,3.5
2021-04-14,The Thing,1982,https://boxd.it/294O,4.5
2021-04-14,Gremlins,1984,https://boxd.it/29gg,3.5
2021-04-14,The Evil Dead,1981,https://boxd.it/29Go,4.5
2021-04-14,E.T. the Extra-Terrestrial,1982,https://boxd.it/2a1G,4
2021-04-14,The King of Comedy,1982,https://boxd.it/2aJS,3.5
2021-04-14,Scarface,1983,https://boxd.it/2b7g,4
2021-04-14,The Gentlemen,2019,https://boxd.it/iYBQ,3.5
2021-04-14,Midsommar,2019,https://boxd.it/jhxe,4
2021-04-14,1917,2019,https://boxd.it/jj4y,4.5
2021-04-14,Child's Play,2019,https://boxd.it/jpX0,2.5
2021-04-14,RIDE - Riders,2018,https://boxd.it/jvg2,2.5
2021-04-14,Mr. Devil,2019,https://boxd.it/meF6,4
2021-04-14,Bad Tales,2020,https://boxd.it/mI9k,3.5
2021-04-14,Source Code,2011,https://boxd.it/fdo,3.5
2021-04-14,The Hobbit: An Unexpected Journey,2012,https://boxd.it/GZk,3.5
2021-04-14,Black Swan,2010,https://boxd.it/Sw0,4
2021-04-14,The NeverEnding Story,1984,https://boxd.it/1dE0,3.5
2021-04-14,Harry Potter and the Deathly Hallows: Part 1,2010,https://boxd.it/1RYu,3.5
2021-04-14,Shrek Forever After,2010,https://boxd.it/1WRo,3
2021-04-14,No Way Out,1987,https://boxd.it/1X8k,3.5
2021-04-14,A Nightmare on Elm Street Part 2: Freddy's Revenge,1985,https://boxd.it/1XiE,3
2021-04-14,The Fly,1986,https://boxd.it/1YIe,4.5
2021-04-14,Hellraiser,1987,https://boxd.it/1Zpi,3.5
2021-04-14,Tropic Thunder,2008,https://boxd.it/20WM,4
2021-04-14,Spaceballs,1987,https://boxd.it/29cy,2.5
2021-04-14,Blue Velvet,1986,https://boxd.it/29BI,4
2021-04-14,Evil Dead II,1987,https://boxd.it/29Ge,4
2021-04-14,Aliens,1986,https://boxd.it/29PA,4
2021-04-14,The Terminator,1984,https://boxd.it/2aQY,4.5
2021-04-14,Predator,1987,https://boxd.it/2b84,3
2021-04-14,Back to the Future,1985,https://boxd.it/2b8e,4.5
2021-04-14,Gretel & Hansel,2020,https://boxd.it/jLOk,3.5
2021-04-14,Knives Out,2019,https://boxd.it/jWEA,4
2021-04-14,Between Two Ferns: The Movie,2019,https://boxd.it/lw9g,2.5
2021-04-14,Golden Men,2019,https://boxd.it/mlAs,3.5
2021-04-14,Tetsuo: The Iron Man,1989,https://boxd.it/ZoM,4
2021-04-14,Little Fockers,2010,https://boxd.it/13Ea,2.5
2021-04-14,Machete,2010,https://boxd.it/1yXW,3.5
2021-04-14,High School Musical 3: Senior Year,2008,https://boxd.it/1SR0,2.5
2021-04-14,Child's Play,1988,https://boxd.it/1VTo,3
2021-04-14,Sherlock Holmes,2009,https://boxd.it/1W2A,3.5
2021-04-14,Jacob's Ladder,1990,https://boxd.it/270g,4
2021-04-14,GoodFellas,1990,https://boxd.it/29FA,4.5
2021-04-14,Die Hard,1988,https://boxd.it/2a7u,4
2021-04-14,The Godfather Part III,1990,https://boxd.it/2aN6,3.5
2021-04-14,Dead Poets Society,1989,https://boxd.it/2aSg,4.5
2021-04-14,Back to the Future Part III,1990,https://boxd.it/2aTS,3.5
2021-04-14,Back to the Future Part II,1989,https://boxd.it/2aYI,4
2021-04-14,The Wolf of Wall Street,2013,https://boxd.it/3C1m,4.5
2021-04-14,Da 5 Bloods,2020,https://boxd.it/lnXw,4
2021-04-14,Promising Young Woman,2020,https://boxd.it/loRE,3.5
2021-04-14,Judas and the Black Messiah,2021,https://boxd.it/lsew,4
2021-04-15,Star Wars: The Force Awakens,2015,https://boxd.it/4vru,3
2021-04-15,Star Wars: The Last Jedi,2017,https://boxd.it/5xme,3.5
2021-04-16,Dracula Untold,2014,https://boxd.it/H4u,2.5
2021-04-16,Bram Stoker's Dracula,1992,https://boxd.it/223a,3.5
2021-04-16,Punch-Drunk Love,2002,https://boxd.it/20E4,4.5
2021-04-18,Happy Death Day 2U,2019,https://boxd.it/ixt6,2.5
2021-04-18,Nomadland,2020,https://boxd.it/lnRy,4
2021-04-21,The Fast and the Furious: Tokyo Drift,2006,https://boxd.it/1Yeo,3
2021-04-24,Minari,2020,https://boxd.it/mL9M,4
2021-04-26,The Father,2020,https://boxd.it/m8Ie,4.5
2021-04-26,Another Round,2020,https://boxd.it/lkba,4.5
2021-04-27,Furious 7,2015,https://boxd.it/5cVs,3.5
2021-04-29,A Walk to Remember,2002,https://boxd.it/1WLq,2.5
2021-05-01,They Live,1988,https://boxd.it/20lm,3.5
2021-05-03,Sicario: Day of the Soldado,2018,https://boxd.it/e4fG,3
2021-05-04,Birdman or (The Unexpected Virtue of Ignorance),2014,https://boxd.it/5RFA,5
2021-05-04,Spectre,2015,https://boxd.it/6bXY,3
2021-05-11,Tomb Raider,2018,https://boxd.it/bgbA,2.5
2021-05-14,Zack Snyder's Justice League,2021,https://boxd.it/tLOk,3.5
2021-05-15,Twilight,1998,https://boxd.it/1udA,2.5
2021-05-15,Indiana Jones and the Last Crusade,1989,https://boxd.it/2baO,4
2021-05-16,Indiana Jones and the Kingdom of the Crystal Skull,2008,https://boxd.it/2aR8,3
2021-05-24,The Woman in the Window,2021,https://boxd.it/iT56,3
2021-05-27,The Haunting,1999,https://boxd.it/1Tpw,2.5
2021-05-27,Planet of the Apes,1968,https://boxd.it/29p8,4
2021-05-28,Army of the Dead,2021,https://boxd.it/ic7S,2.5
2021-05-29,The Green Inferno,2013,https://boxd.it/5hE2,2.5
2021-05-29,Martyrs,2008,https://boxd.it/1Yqu,4
2021-05-29,Hostel,2005,https://boxd.it/28ig,2.5
2021-05-31,Baggio: The Divine Ponytail,2021,https://boxd.it/pWtE,3
2021-06-01,Sleep Tight,2011,https://boxd.it/2GjC,3
2021-06-01,The Raid,2011,https://boxd.it/3hBy,3
2021-06-04,Chappie,2015,https://boxd.it/5Y3e,3.5
2021-06-06,Shame,2011,https://boxd.it/2CxU,4
2021-06-09,The Conjuring: The Devil Made Me Do It,2021,https://boxd.it/eXZY,3.5
2021-06-14,Climax,2018,https://boxd.it/ikvo,5
2021-06-22,Soul,2020,https://boxd.it/ioLA,3.5
2021-06-22,Onward,2020,https://boxd.it/io92,3.5
2021-06-22,Luca,2021,https://boxd.it/ipjC,3.5
2021-06-25,A Quiet Place Part II,2020,https://boxd.it/iTx0,3.5
2021-06-29,Fascists on Mars,2006,https://boxd.it/IVu,3
2021-07-03,Spiral: From the Book of Saw,2021,https://boxd.it/meXk,2.5
2021-07-13,"Salò, or the 120 Days of Sodom",1975,https://boxd.it/237s,4
2021-07-17,Fear Street: 1994,2021,https://boxd.it/lLBk,3
2021-07-22,A Classic Horror Story,2021,https://boxd.it/sRY4,3.5
2021-07-28,Fear Street: 1978,2021,https://boxd.it/lLBu,3
2021-08-02,Super Size Me,2004,https://boxd.it/1YQC,4
2021-08-08,Resident Evil,2002,https://boxd.it/28z2,3
2021-08-09,Resident Evil: Apocalypse,2004,https://boxd.it/28yS,2.5
2021-08-30,The Suicide Squad,2021,https://boxd.it/fw6O,4
2021-08-31,I Hate Summer,2020,https://boxd.it/mpWM,3
2021-09-09,Aladdin,1992,https://boxd.it/29yE,4.5
2021-09-09,Aladdin,2019,https://boxd.it/eSjy,3
2021-09-09,Fear Street: 1666,2021,https://boxd.it/lLBE,3
2021-09-13,Candyman,1992,https://boxd.it/1Ys6,3.5
2021-10-01,No Time to Die,2021,https://boxd.it/cPX2,4
2021-10-20,Halloween Kills,2021,https://boxd.it/mxzG,3.5
2021-10-20,Freaks Out,2021,https://boxd.it/kYWS,3.5
2021-10-20,Goosebumps,2015,https://boxd.it/7Bp6,3
2021-10-22,Beauty and the Beast,2017,https://boxd.it/ar0c,3
2021-10-22,Mr. Magorium's Wonder Emporium,2007,https://boxd.it/271o,3
2021-10-22,Ant-Man,2015,https://boxd.it/3vmW,3.5
2021-10-22,Goldfinger,1964,https://boxd.it/29SY,4
2021-10-22,Live and Let Die,1973,https://boxd.it/2aLk,3.5
2021-10-22,The Man with the Golden Gun,1974,https://boxd.it/29P6,3.5
2021-10-22,Super Size Me 2: Holy Chicken!,2017,https://boxd.it/gO0w,3.5
2021-10-22,Indiana Jones and the Temple of Doom,1984,https://boxd.it/2bb8,3.5
2021-10-24,Knock Knock,2015,https://boxd.it/7Q9s,3
2021-10-24,Shang-Chi and the Legend of the Ten Rings,2021,https://boxd.it/kLDI,3
2021-10-24,Titane,2021,https://boxd.it/nlQC,4
2021-10-28,Despicable Me,2010,https://boxd.it/1DD8,3.5
2021-10-28,Despicable Me 2,2013,https://boxd.it/3gg0,3
2021-10-28,Ju-on: The Curse,2000,https://boxd.it/1hpy,3.5
2021-10-29,Ju-on: The Curse 2,2000,https://boxd.it/SxM,3.5
2021-10-29,The Help,2011,https://boxd.it/EDm,3.5
2021-10-30,The Blair Witch Project,1999,https://boxd.it/26ua,4
2021-10-30,Blair Witch,2016,https://boxd.it/bO28,3
2021-10-30,Four Rooms,1995,https://boxd.it/73g,3
2021-10-30,My Best Friend's Birthday,1987,https://boxd.it/1VP2,3
2021-10-31,The Omen,1976,https://boxd.it/29By,4
2021-10-31,Biutiful,2010,https://boxd.it/OiI,4
2021-10-31,Bo Burnham: Inside,2021,https://boxd.it/v2uy,4.5
2021-10-31,Pokémon the Movie: I Choose You!,2017,https://boxd.it/fw1k,2
2021-10-31,Dragon Ball Super: Broly,2018,https://boxd.it/iaWE,3.5
2021-10-31,Dragon Ball Z: Resurrection 'F',2015,https://boxd.it/9GCI,3
2021-10-31,Dragon Ball Z: Battle of Gods,2013,https://boxd.it/4a0C,3
2021-10-31,Harry Potter and the Half-Blood Prince,2009,https://boxd.it/29FU,3
2021-11-02,Ju-on: The Grudge,2002,https://boxd.it/1SY6,4.5
2021-11-03,Jodorowsky's Dune,2013,https://boxd.it/5MP6,4
2021-11-03,Ju-on: The Grudge 2,2003,https://boxd.it/1Y6k,3.5
2021-11-03,17 Again,2009,https://boxd.it/1Jnq,3
2021-11-04,The Grudge,2004,https://boxd.it/27Jq,3.5
2021-11-04,Me Before You,2016,https://boxd.it/9n98,2.5
2021-11-05,Colossal,2016,https://boxd.it/biZi,3.5
2021-11-06,Neighbors,2014,https://boxd.it/5Txe,3
2021-11-06,Pineapple Express,2008,https://boxd.it/1WRS,3
2021-11-07,The Brothers Grimm,2005,https://boxd.it/24kW,3.5
2021-11-09,Eternals,2021,https://boxd.it/j36o,4
2021-11-12,The French Dispatch,2021,https://boxd.it/jLP8,4.5
2021-11-13,Brooklyn,2015,https://boxd.it/5bdk,4
2021-11-15,Pirates of the Caribbean: Dead Man's Chest,2006,https://boxd.it/2bfk,3.5
2021-11-15,The Game,1997,https://boxd.it/26vC,3.5
2021-11-15,Lights Out,2016,https://boxd.it/bAHc,3.5
2021-11-15,All the President's Men,1976,https://boxd.it/29lU,4
2021-11-15,The Place,2017,https://boxd.it/gLSU,3
2021-11-18,Spider-Man: Far From Home,2019,https://boxd.it/fegG,3.5
2021-11-20,Insidious: Chapter 2,2013,https://boxd.it/3dqc,3.5
2021-11-22,Omicidio all'italiana,2017,https://boxd.it/fDHM,3
2021-11-23,Howl's Moving Castle,2004,https://boxd.it/23De,3.5
2021-11-24,Neon Genesis Evangelion: The End of Evangelion,1997,https://boxd.it/1GRM,4
2021-11-24,The Grudge 2,2006,https://boxd.it/27IW,2.5
2021-11-26,Venom: Let There Be Carnage,2021,https://boxd.it/llco,2
2021-11-29,City of Ember,2008,https://boxd.it/1POs,2
2021-11-29,The Secret of Moonacre,2008,https://boxd.it/1HGU,3
2021-11-29,Saw IV,2007,https://boxd.it/29Sa,2
2021-11-29,The Grudge 3,2009,https://boxd.it/27IC,1.5
2021-11-29,Hitchcock,2012,https://boxd.it/3LDa,3
2021-11-30,Sympathy for Mr. Vengeance,2002,https://boxd.it/23WU,4
2021-12-02,Friends: The Reunion,2021,https://boxd.it/pOQq,4
2021-12-02,Machete Kills,2013,https://boxd.it/3BQI,3
2021-12-02,The Hand of God,2021,https://boxd.it/r5uI,4.5
2021-12-02,Vantage Point,2008,https://boxd.it/20Uw,3.5
2021-12-02,Olympus Has Fallen,2013,https://boxd.it/3TMY,3
2021-12-02,Taken 2,2012,https://boxd.it/2TWi,2.5
2021-12-05,No Escape,2015,https://boxd.it/5NAw,2.5
2021-12-05,The Amazing Spider-Man,2012,https://boxd.it/27PI,3.5
2021-12-06,Persona,1966,https://boxd.it/29B4,4.5
2021-12-06,Zorns Lemma,1970,https://boxd.it/37JW,4
2021-12-07,Three Colours: White,1994,https://boxd.it/2b7A,4
2021-12-08,Monster House,2006,https://boxd.it/1Z2e,3.5
2021-12-08,Ju-On: White Ghost,2009,https://boxd.it/1tmm,3.5
2021-12-08,Ju-On: Black Ghost,2009,https://boxd.it/19ve,2.5
2021-12-10,The Big Short,2015,https://boxd.it/ajZw,3.5
2021-12-12,The Hunt,2012,https://boxd.it/3wEC,4
2021-12-13,Three Colours: Red,1994,https://boxd.it/2b7q,4.5
2021-12-15,Now You See Me,2013,https://boxd.it/2Bsu,3.5
2021-12-15,Perfect Strangers,2016,https://boxd.it/dgVi,4
2021-12-18,Cronos,1992,https://boxd.it/1TjS,3.5
2021-12-18,The Celebration,1998,https://boxd.it/2aCM,3.5
2021-12-20,A Christmas Carol,2009,https://boxd.it/1HKW,4
2021-12-20,Ghosts of Girlfriends Past,2009,https://boxd.it/1RIm,2
2021-12-20,FX's A Christmas Carol,2019,https://boxd.it/orj2,3
2021-12-24,Spider-Man: No Way Home,2021,https://boxd.it/nwRw,4.5
2021-12-25,This Is the End,2013,https://boxd.it/3GB4,3
2021-12-25,Seven Samurai,1954,https://boxd.it/2axi,4.5
2021-12-25,The Counselor,2013,https://boxd.it/3G6K,2.5
2021-12-25,Cars 2,2011,https://boxd.it/H4Y,2
2021-12-25,Sausage Party,2016,https://boxd.it/6CCe,2
2021-12-25,Velvet Buzzsaw,2019,https://boxd.it/gAy0,2
2021-12-25,The New Mutants,2020,https://boxd.it/bjle,2
2021-12-25,The Fate of the Furious,2017,https://boxd.it/bbCw,2
2021-12-25,Percy Jackson & the Olympians: The Lightning Thief,2010,https://boxd.it/1gJi,2
2021-12-25,Annabelle,2014,https://boxd.it/7l84,2
2021-12-25,Monolith,2016,https://boxd.it/enkg,1.5
2021-12-25,Assassin's Creed,2016,https://boxd.it/41IK,2
2021-12-25,Jigsaw,2017,https://boxd.it/9sDs,1.5
2021-12-25,Project Power,2020,https://boxd.it/ml8S,2
2021-12-25,Mortal Engines,2018,https://boxd.it/fahg,2
2021-12-25,All You Need is Crime,2019,https://boxd.it/kFpq,2
2021-12-25,Premature,2014,https://boxd.it/7qNQ,1.5
2021-12-25,Bird Box,2018,https://boxd.it/eh1i,2.5
2021-12-25,Godzilla vs. Kong,2021,https://boxd.it/e0qK,2.5
2021-12-25,The Incredible Hulk,2008,https://boxd.it/28dU,2.5
2021-12-25,Ted,2012,https://boxd.it/2pgc,2.5
2021-12-25,Ad Astra,2019,https://boxd.it/ePzI,2.5
2021-12-25,Shazam!,2019,https://boxd.it/8WBu,2.5
2021-12-25,Fast & Furious Presents: Hobbs & Shaw,2019,https://boxd.it/dnDA,1.5
2021-12-25,Paranormal Activity,2007,https://boxd.it/1yIM,2.5
2021-12-25,2 Fast 2 Furious,2003,https://boxd.it/2a4g,2.5
2021-12-25,The Cloverfield Paradox,2018,https://boxd.it/doVA,2.5
2021-12-25,I Know What You Did Last Summer,1997,https://boxd.it/2588,2.5
2021-12-25,21,2008,https://boxd.it/20BO,2.5
2021-12-25,Tom Clancy's Without Remorse,2021,https://boxd.it/kNyA,2.5
2021-12-25,I Am the Pretty Thing That Lives in the House,2016,https://boxd.it/elo6,2.5
2021-12-25,Security,2021,https://boxd.it/oOzM,2.5
2021-12-25,Before Sunset,2004,https://boxd.it/2bcg,5
2021-12-25,2001: A Space Odyssey,1968,https://boxd.it/2bf0,5
2021-12-25,The Lighthouse,2019,https://boxd.it/icFU,5
2021-12-25,Transformers,2007,https://boxd.it/280c,2.5
2021-12-25,Transformers: Revenge of the Fallen,2009,https://boxd.it/20gG,1.5
2021-12-25,The Old Guard,2020,https://boxd.it/jY2e,2.5
2021-12-25,The Perks of Being a Wallflower,2012,https://boxd.it/2ZA8,3
2021-12-25,The Da Vinci Code,2006,https://boxd.it/2a3i,3.5
2021-12-25,The Babysitter,2017,https://boxd.it/eP1w,2.5
2021-12-25,Father of the Bride,1991,https://boxd.it/1SWY,3
2021-12-25,Father of the Bride,1950,https://boxd.it/1CXQ,3.5
2021-12-26,Home Alone,1990,https://boxd.it/29Fg,3
2021-12-26,Trading Places,1983,https://boxd.it/28sK,3
2021-12-27,The House That Jack Built,2018,https://boxd.it/dWO4,4
2021-12-27,Star Trek Beyond,2016,https://boxd.it/5Ik4,3.5
2021-12-27,First Blood,1982,https://boxd.it/28U0,3.5
2021-12-27,Maleficent,2014,https://boxd.it/3v1u,2.5
2021-12-29,The Warriors,1979,https://boxd.it/1TLC,3.5
2021-12-29,Moonraker,1979,https://boxd.it/29MQ,3
2021-12-29,For Your Eyes Only,1981,https://boxd.it/29MG,3
2021-12-29,The Spy Who Loved Me,1977,https://boxd.it/29NY,4
2021-12-29,Licence to Kill,1989,https://boxd.it/29L4,3.5
2021-12-29,A View to a Kill,1985,https://boxd.it/29Lo,3
2021-12-30,QT8: The First Eight,2019,https://boxd.it/no9c,3
2021-12-30,The Trial of the Chicago 7,2020,https://boxd.it/kn3w,3.5
2021-12-30,Demons,1971,https://boxd.it/3yiy,4.5
2021-12-31,Malcolm & Marie,2021,https://boxd.it/r5cO,3.5
2021-12-31,The Power of the Dog,2021,https://boxd.it/m99E,3.5
2021-12-31,Deliver Us from Evil,2014,https://boxd.it/5B5G,3.5
2021-12-31,Snow White and the Seven Dwarfs,1937,https://boxd.it/2arO,4.5
2021-12-31,Robin Hood,1973,https://boxd.it/1SRa,4
2021-12-31,The Sword in the Stone,1963,https://boxd.it/1ZdG,4
2021-12-31,Cinderella,1950,https://boxd.it/1Uki,3.5
2021-12-31,Sleeping Beauty,1959,https://boxd.it/1V9A,3
2021-12-31,Pinocchio,1940,https://boxd.it/1V8C,4
2021-12-31,Dumbo,1941,https://boxd.it/1U2o,3.5
2021-12-31,Alice Through the Looking Glass,2016,https://boxd.it/75Yo,2
2021-12-31,Alice in Wonderland,1951,https://boxd.it/1Sz6,4
2021-12-31,Atlantis: The Lost Empire,2001,https://boxd.it/1Vck,3.5
2021-12-31,The Aristocats,1970,https://boxd.it/1X3Y,3.5
2021-12-31,Peter Pan,1953,https://boxd.it/1VCC,3.5
2021-12-31,Lady and the Tramp,1955,https://boxd.it/1Wv8,3
2021-12-31,The Little Mermaid,1989,https://boxd.it/1WYO,3
2021-12-31,Hercules,1997,https://boxd.it/1SDW,3.5
2021-12-31,The Hunchback of Notre Dame,1996,https://boxd.it/1VZQ,3.5
2021-12-31,The Emperor's New Groove,2000,https://boxd.it/1Tey,4
2021-12-31,Treasure Planet,2002,https://boxd.it/1Znm,3.5
2021-12-31,Lilo & Stitch,2002,https://boxd.it/1TAY,3.5
2021-12-31,Tangled,2010,https://boxd.it/15gO,3
2021-12-31,Big Hero 6,2014,https://boxd.it/5rje,3
2021-12-31,Home on the Range,2004,https://boxd.it/1PB4,2.5
2021-12-31,Tarzan,1999,https://boxd.it/18YO,3.5
2021-12-31,Dinosaur,2000,https://boxd.it/1VWi,2.5
2021-12-31,Chicken Little,2005,https://boxd.it/1Xnu,2
2021-12-31,Meet the Robinsons,2007,https://boxd.it/28Ym,2.5
2021-12-31,The Fox and the Hound,1981,https://boxd.it/1V0o,2.5
2021-12-31,The Wild,2006,https://boxd.it/1Xz6,1.5
2021-12-31,Over the Hedge,2006,https://boxd.it/20QY,2.5
2021-12-31,Looney Tunes: Back in Action,2003,https://boxd.it/1Vzo,3
2021-12-31,Ant-Man and the Wasp,2018,https://boxd.it/cqUW,2.5
2021-12-31,Spider-Man: Homecoming,2017,https://boxd.it/aboM,3.5
2021-12-31,Italian Spiderman,2007,https://boxd.it/MSz0,3.5
2022-01-01,The World Is Not Enough,1999,https://boxd.it/1a94,3.5
2022-01-02,You Only Live Twice,1967,https://boxd.it/29Rw,3.5
2022-01-02,On Her Majesty's Secret Service,1969,https://boxd.it/29Rm,4
2022-01-02,Thunderball,1965,https://boxd.it/29SE,3
2022-01-02,Skyfall,2012,https://boxd.it/17Fc,4.5
2022-01-02,Iron Man 3,2013,https://boxd.it/2cBQ,2.5
2022-01-02,Thor,2011,https://boxd.it/1WQU,2.5
2022-01-02,Captain America: The First Avenger,2011,https://boxd.it/28b0,3
2022-01-02,Thor: The Dark World,2013,https://boxd.it/2DqA,2.5
2022-01-02,Captain America: The Winter Soldier,2014,https://boxd.it/3r58,4
2022-01-02,Captain America: Civil War,2016,https://boxd.it/89Ja,3
2022-01-02,Doctor Strange,2016,https://boxd.it/8MH8,3
2022-01-02,Thor: Ragnarok,2017,https://boxd.it/8MHi,3.5
2022-01-02,Black Widow,2021,https://boxd.it/hWV8,2.5
2022-01-03,Pet Sematary,2019,https://boxd.it/4W0q,2.5
2022-01-03,Just Believe,2018,https://boxd.it/hK5k,3
2022-01-03,Spy Hard,1996,https://boxd.it/1W1s,2
2022-01-03,Total Recall,2012,https://boxd.it/Ro,2.5
2022-01-03,It,2017,https://boxd.it/bC8e,3.5
2022-01-03,The Night of the Hunter,1955,https://boxd.it/25HW,4.5
2022-01-03,Pirates of the Caribbean: At World's End,2007,https://boxd.it/2aGu,3.5
2022-01-03,Creep 2,2017,https://boxd.it/dSEO,3.5
2022-01-03,American Sniper,2014,https://boxd.it/5LDy,3.5
2022-01-03,Election,1999,https://boxd.it/1YEc,4
2022-01-03,Run Lola Run,1998,https://boxd.it/2b8o,3
2022-01-03,Serena,2014,https://boxd.it/56Lw,0.5
2022-01-03,The Twilight Saga: Breaking Dawn – Part 1,2011,https://boxd.it/DdM,1
2022-01-03,After We Collided,2020,https://boxd.it/mGpK,1
2022-01-03,After,2019,https://boxd.it/jBb8,1
2022-01-03,Victor Frankenstein,2015,https://boxd.it/6JqY,1
2022-01-03,Awake,2007,https://boxd.it/1Q54,1
2022-01-03,Wrong Turn 6: Last Resort,2014,https://boxd.it/7FdI,1
2022-01-03,Godzilla: King of the Monsters,2019,https://boxd.it/cY7Y,1.5
2022-01-03,Pirates of the Caribbean: On Stranger Tides,2011,https://boxd.it/27Z4,1.5
2022-01-03,Percy Jackson: Sea of Monsters,2013,https://boxd.it/2D8m,1
2022-01-03,Fifty Shades of Grey,2015,https://boxd.it/6qLo,1.5
2022-01-03,Inferno,2016,https://boxd.it/6dMS,2
2022-01-03,300: Rise of an Empire,2014,https://boxd.it/xaC,1.5
2022-01-03,Hannibal Rising,2007,https://boxd.it/2916,2
2022-01-03,Dragonball Evolution,2009,https://boxd.it/1ODy,1
2022-01-03,Point Break,2015,https://boxd.it/7Ax4,1.5
2022-01-03,Suicide Squad,2016,https://boxd.it/9row,2
2022-01-03,Star Wars: The Rise of Skywalker,2019,https://boxd.it/5xlK,2
2022-01-03,Justice League,2017,https://boxd.it/4w68,2.5
2022-01-03,Dark Phoenix,2019,https://boxd.it/anyO,2
2022-01-03,Pirates of the Caribbean: Dead Men Tell No Tales,2017,https://boxd.it/5a9m,2
2022-01-03,Divergent,2014,https://boxd.it/4VT0,2
2022-01-03,The Nun,2018,https://boxd.it/fBkw,2
2022-01-03,The First Purge,2018,https://boxd.it/fJfk,2
2022-01-03,The Circle,2017,https://boxd.it/bj1I,2
2022-01-03,Encanto,2021,https://boxd.it/kPRu,3
2022-01-04,Iron Man 2,2010,https://boxd.it/1WZM,3.5
2022-01-04,The Matrix Reloaded,2003,https://boxd.it/2a1c,3
2022-01-04,Kong: Skull Island,2017,https://boxd.it/9ewM,3
2022-01-04,El Camino: A Breaking Bad Movie,2019,https://boxd.it/kv0q,3
2022-01-04,We're the Millers,2013,https://boxd.it/4srQ,3
2022-01-04,The Lost World: Jurassic Park,1997,https://boxd.it/2azS,3
2022-01-04,Jurassic World,2015,https://boxd.it/4n0g,2.5
2022-01-04,Jurassic World: Fallen Kingdom,2018,https://boxd.it/bOnU,2.5
2022-01-04,Horrible Bosses,2011,https://boxd.it/Ba2,3
2022-01-04,Horrible Bosses 2,2014,https://boxd.it/6HWy,2.5
2022-01-04,Final Destination 3,2006,https://boxd.it/1Z40,3
2022-01-04,Disturbia,2007,https://boxd.it/20rk,3
2022-01-04,Greenland,2020,https://boxd.it/j1Um,3
2022-01-04,The Laundromat,2019,https://boxd.it/iLUK,3
2022-01-04,Borg vs McEnroe,2017,https://boxd.it/dViG,3
2022-01-04,The Last Prosecco,2017,https://boxd.it/hgku,3
2022-01-04,The Guest Room,2021,https://boxd.it/sCra,3
2022-01-04,Harry Potter 20th Anniversary: Return to Hogwarts,2022,https://boxd.it/xXJk,4
2022-01-05,The Living Daylights,1987,https://boxd.it/29Le,3
2022-01-05,Don't Look Up,2021,https://boxd.it/o0Hc,4
2022-01-05,The Shawshank Redemption,1994,https://boxd.it/2aHi,4
2022-01-05,American Beauty,1999,https://boxd.it/71Y,4.5
2022-01-05,mother!,2017,https://boxd.it/dgRU,4.5
2022-01-05,The Great Gatsby,2013,https://boxd.it/JY,3.5
2022-01-05,The Disaster Artist,2017,https://boxd.it/cTqc,3.5
2022-01-05,10 Cloverfield Lane,2016,https://boxd.it/aZiu,3.5
2022-01-05,Black Mirror: Bandersnatch,2018,https://boxd.it/kTDG,3.5
2022-01-05,The Birds,1963,https://boxd.it/2a6m,3.5
2022-01-05,Madagascar,2005,https://boxd.it/29dc,3.5
2022-01-05,Sin City,2005,https://boxd.it/2aVk,3.5
2022-01-05,Sin City: A Dame to Kill For,2014,https://boxd.it/2aV0,3
2022-01-05,Die Hard 2,1990,https://boxd.it/28zw,3.5
2022-01-05,Buried,2010,https://boxd.it/1tXC,3.5
2022-01-05,The Girl in the Fog,2017,https://boxd.it/gLTI,3.5
2022-01-05,Wonder Woman,2017,https://boxd.it/9roG,3
2022-01-06,Six Shooter,2004,https://boxd.it/1wlG,3.5
2022-01-06,Terminator Salvation,2009,https://boxd.it/2abQ,2.5
2022-01-06,Terminator Genisys,2015,https://boxd.it/35s0,2.5
2022-01-07,Fantastic Four,2015,https://boxd.it/5a9c,1.5
2022-01-07,Fantastic Four,2005,https://boxd.it/1XVw,3
2022-01-07,Fantastic Four: Rise of the Silver Surfer,2007,https://boxd.it/27Ii,2
2022-01-07,LEGO Star Wars Holiday Special,2020,https://boxd.it/rtpC,3
2022-01-07,Circle,2015,https://boxd.it/b5So,2.5
2022-01-07,The Platform,2019,https://boxd.it/mUm6,3
2022-01-07,Cube,1997,https://boxd.it/2aoU,3.5
2022-01-07,Fantozzi: White Collar Blues,1975,https://boxd.it/1vtE,4
2022-01-07,The Second Tragic Fantozzi,1976,https://boxd.it/17yK,4
2022-01-08,The Matrix Revolutions,2003,https://boxd.it/2a12,3
2022-01-08,Speed,1994,https://boxd.it/28qk,3.5
2022-01-08,Apostle,2018,https://boxd.it/f0so,3
2022-01-09,Scream 4,2011,https://boxd.it/Zmc,2.5
2022-01-09,The Last Mimzy,2007,https://boxd.it/2730,2
2022-01-09,Night at the Museum: Secret of the Tomb,2014,https://boxd.it/5x3m,2.5
2022-01-09,WALL·E,2008,https://boxd.it/1VEo,4
2022-01-09,The Nightmare Before Christmas,1993,https://boxd.it/1YzQ,3.5
2022-01-09,The Parent Trap,1998,https://boxd.it/1XJq,3
2022-01-09,The Princess and the Frog,2009,https://boxd.it/1WQq,3.5
2022-01-09,Enchanted,2007,https://boxd.it/24co,3
2022-01-09,National Treasure,2004,https://boxd.it/27x0,3.5
2022-01-09,National Treasure: Book of Secrets,2007,https://boxd.it/21rq,3
2022-01-09,Mary Poppins,1964,https://boxd.it/2aoA,4
2022-01-09,Oz the Great and Powerful,2013,https://boxd.it/2cAI,3
2022-01-09,Sky High,2005,https://boxd.it/1TNI,3
2022-01-09,Hannah Montana: The Movie,2009,https://boxd.it/1Hx4,2.5
2022-01-09,Bedtime Stories,2008,https://boxd.it/1WPM,2.5
2022-01-10,The Matrix Resurrections,2021,https://boxd.it/n87k,3
2022-01-10,Catwoman,2004,https://boxd.it/2aBY,1.5
2022-01-11,The Visit,2015,https://boxd.it/9ssO,2.5
2022-01-11,Big Eyes,2014,https://boxd.it/36ms,3
2022-01-11,Transcendence,2014,https://boxd.it/4VSQ,1.5
2022-01-11,Rush,2013,https://boxd.it/3lyS,4
2022-01-11,Nebraska,2013,https://boxd.it/4exq,4
2022-01-11,Dark Shadows,2012,https://boxd.it/bQ2,2
2022-01-11,Hugo,2011,https://boxd.it/R08,3
2022-01-11,In Time,2011,https://boxd.it/FPS,2.5
2022-01-11,A Nightmare on Elm Street,2010,https://boxd.it/1zdg,2.5
2022-01-11,The Simpsons Movie,2007,https://boxd.it/6YU,3.5
2022-01-11,The Night Before the Exams Today,2007,https://boxd.it/uBq,2
2022-01-11,Scary Movie 4,2006,https://boxd.it/24B4,1.5
2022-01-11,Scary Movie 5,2013,https://boxd.it/24AU,1
2022-01-11,Scary Movie 3,2003,https://boxd.it/24Be,2
2022-01-11,Have You Met Claudia?,2004,https://boxd.it/ntO,3.5
2022-01-11,Lemony Snicket's A Series of Unfortunate Events,2004,https://boxd.it/1T7s,3
2022-01-11,21 Grams,2003,https://boxd.it/2ajK,4
2022-01-11,The Iron Giant,1999,https://boxd.it/1Wow,4
2022-01-11,Shakespeare in Love,1998,https://boxd.it/27Pe,3
2022-01-11,Nothing Left to Do But Cry,1984,https://boxd.it/1rfI,4
2022-01-11,Airplane!,1980,https://boxd.it/29yu,4.5
2022-01-11,The Lego Movie,2014,https://boxd.it/4pDO,3.5
2022-01-12,The Phantom Carriage,1921,https://boxd.it/l4s,4.5
2022-01-12,Lion,2016,https://boxd.it/b2La,4
2022-01-12,"Hail, Caesar!",2016,https://boxd.it/881G,3
2022-01-12,Everest,2015,https://boxd.it/7r7Q,2.5
2022-01-12,RoboCop,2014,https://boxd.it/3m4k,2
2022-01-12,Journey to the Center of the Earth,2008,https://boxd.it/38EI,3
2022-01-12,Ghost Rider,2007,https://boxd.it/290M,2
2022-01-12,Real Steel,2011,https://boxd.it/147m,3
2022-01-12,Hop,2011,https://boxd.it/DQa,1.5
2022-01-12,Paul,2011,https://boxd.it/13uE,2.5
2022-01-12,Megamind,2010,https://boxd.it/16Sk,3.5
2022-01-12,The Sorcerer's Apprentice,2010,https://boxd.it/1sGg,2.5
2022-01-12,Coraline,2009,https://boxd.it/1NhQ,4
2022-01-12,The Pink Panther 2,2009,https://boxd.it/1MHy,3
2022-01-12,Beverly Hills Chihuahua,2008,https://boxd.it/1Ob0,1.5
2022-01-12,Superhero Movie,2008,https://boxd.it/1SM0,2.5
2022-01-12,The Spiderwick Chronicles,2008,https://boxd.it/20v2,3
2022-01-12,Alvin and the Chipmunks,2007,https://boxd.it/21E0,2
2022-01-12,Bee Movie,2007,https://boxd.it/22Vw,3
2022-01-12,Evan Almighty,2007,https://boxd.it/26s4,2.5
2022-01-12,Flushed Away,2006,https://boxd.it/1Tpm,2.5
2022-01-12,Click,2006,https://boxd.it/1YVM,2
2022-01-12,Garfield: A Tail of Two Kitties,2006,https://boxd.it/1YuG,2.5
2022-01-12,Garfield,2004,https://boxd.it/1ZAA,3
2022-01-12,Corpse Bride,2005,https://boxd.it/24WQ,3.5
2022-01-12,DodgeBall: A True Underdog Story,2004,https://boxd.it/1YAY,3
2022-01-12,Scooby-Doo,2002,https://boxd.it/1YaQ,2.5
2022-01-12,50 First Dates,2004,https://boxd.it/285c,2.5
2022-01-12,Hulk,2003,https://boxd.it/27PS,2.5
2022-01-12,Ocean's Eleven,2001,https://boxd.it/2aZm,4
2022-01-12,Ocean's Twelve,2004,https://boxd.it/2aZ2,3.5
2022-01-12,Ocean's Thirteen,2007,https://boxd.it/2aEy,3.5
2022-01-12,Hannibal,2001,https://boxd.it/1XVc,3
2022-01-12,The Prince of Egypt,1998,https://boxd.it/1XGQ,3.5
2022-01-12,The Full Monty,1997,https://boxd.it/1YI4,3.5
2022-01-12,Misery,1990,https://boxd.it/28gY,4
2022-01-12,The Naked Gun: From the Files of Police Squad!,1988,https://boxd.it/18YE,3.5
2022-01-12,A Fish Called Wanda,1988,https://boxd.it/29YC,3
2022-01-12,After We Fell,2021,https://boxd.it/rWum,1
2022-01-12,Transformers: Age of Extinction,2014,https://boxd.it/3d1m,1
2022-01-14,Strangers on a Train,1951,https://boxd.it/29tk,4
2022-01-14,The Trouble with Harry,1955,https://boxd.it/1Ul6,3
2022-01-14,Family Plot,1976,https://boxd.it/22t8,3
2022-01-14,Scream 3,2000,https://boxd.it/24Ei,3
2022-01-17,Duel,1971,https://boxd.it/29ui,4
2022-01-17,Scream,2022,https://boxd.it/o0lg,3
2022-01-18,Topaz,1969,https://boxd.it/26Ro,3
2022-01-18,Marnie,1964,https://boxd.it/2afe,3.5
2022-01-19,The Men Who Stare at Goats,2009,https://boxd.it/1Wza,3
2022-01-19,Three Colours: Blue,1993,https://boxd.it/2b7K,5
2022-01-20,The Chronicles of Narnia: The Voyage of the Dawn Treader,2010,https://boxd.it/1WZs,3
2022-01-21,Red Eye,2005,https://boxd.it/1TNy,3
2022-01-21,The Ward,2010,https://boxd.it/P14,3
2022-01-22,The Intern,2015,https://boxd.it/7AOE,3
2022-01-24,M,1931,https://boxd.it/29vq,4.5
2022-01-28,Bicycle Thieves,1948,https://boxd.it/23hW,4
2022-02-05,A Man Escaped,1956,https://boxd.it/1MzY,4
2022-02-10,Drive My Car,2021,https://boxd.it/sv94,4
2022-02-11,Pacific Rim,2013,https://boxd.it/2cB2,3.5
2022-02-11,Crimson Peak,2015,https://boxd.it/62Ty,3.5
2022-02-11,Baby Driver,2017,https://boxd.it/bhF2,3.5
2022-02-11,Woman in the Dunes,1964,https://boxd.it/1JNS,4.5
2022-02-12,Nightmare Alley,2021,https://boxd.it/m0HC,3.5
2022-02-14,Stalker,1979,https://boxd.it/28PO,4
2022-02-17,King Richard,2021,https://boxd.it/mJZ2,3.5
2022-02-18,Natural Born Killers,1994,https://boxd.it/2aNg,4
2022-02-18,Savages,2012,https://boxd.it/2Tl2,3.5
2022-02-19,Road Trip,2000,https://boxd.it/1Z4a,3
2022-02-19,Due Date,2010,https://boxd.it/YFs,3
2022-02-21,CODA,2021,https://boxd.it/tbf4,3.5
2022-02-23,Texas Chainsaw Massacre,2022,https://boxd.it/ns6c,1
2022-02-27,Dark Glasses,2022,https://boxd.it/nnlw,2.5
2022-03-03,"Paris, Texas",1984,https://boxd.it/29Ts,4.5
2022-03-05,La Haine,1995,https://boxd.it/2as8,4
2022-03-05,Batman,1989,https://boxd.it/2aIU,4
2022-03-05,Fright Night,2011,https://boxd.it/l1S,3
2022-03-05,Belfast,2021,https://boxd.it/tefG,3.5
2022-03-06,I Am Legend,2007,https://boxd.it/21DG,3.5
2022-03-06,Colpi di fortuna,2013,https://boxd.it/7bm6,1
2022-03-06,Ghost Rider: Spirit of Vengeance,2011,https://boxd.it/2qne,1.5
2022-03-07,West Side Story,2021,https://boxd.it/iwt0,3
2022-03-08,Batman,1966,https://boxd.it/26uO,2.5
2022-03-08,Batman Returns,1992,https://boxd.it/2awa,4
2022-03-08,The Batman,2022,https://boxd.it/eDGs,4
2022-03-10,Days of Being Wild,1990,https://boxd.it/1HbC,4
2022-03-11,One Cut of the Dead,2017,https://boxd.it/iAFu,4.5
2022-03-11,One Cut of the Dead – Mission: Remote,2020,https://boxd.it/qlbU,3
2022-03-13,In the Mood for Love,2000,https://boxd.it/29tE,4.5
2022-03-20,After Earth,2013,https://boxd.it/2TSg,2
2022-03-20,Frozen,2010,https://boxd.it/S8M,3
2022-03-20,Licorice Pizza,2021,https://boxd.it/qTKY,4
2022-03-21,Portrait of a Lady on Fire,2019,https://boxd.it/jkPq,4
2022-03-22,Body Double,1984,https://boxd.it/1TGW,3.5
2022-03-23,Akira,1988,https://boxd.it/2b1i,4.5
2022-03-27,Turning Red,2022,https://boxd.it/ipkq,3.5
2022-03-29,The Green Knight,2021,https://boxd.it/kuy2,4
2022-03-30,Dressed to Kill,1980,https://boxd.it/1UO8,4
2022-03-30,Mean Girls,2004,https://boxd.it/1VNg,3
2022-04-03,Superbad,2007,https://boxd.it/20hO,3.5
2022-04-03,Spirited Away,2001,https://boxd.it/2b4m,4
2022-04-03,Ghostbusters,2016,https://boxd.it/Vm8,2
2022-04-03,Transformers: Dark of the Moon,2011,https://boxd.it/16aC,1.5
2022-04-04,Snake Eyes,1998,https://boxd.it/1ZX0,3.5
2022-04-05,Videodrome,1983,https://boxd.it/29uC,4
2022-04-11,Hansel & Gretel: Witch Hunters,2013,https://boxd.it/gmw,2
2022-04-11,Hansel and Gretel,2007,https://boxd.it/jaIY,3
2022-04-11,Lux Æterna,2019,https://boxd.it/m6b8,3.5
2022-04-12,Box Office 3D: The Filmest of Films,2011,https://boxd.it/2F8o,1
2022-04-12,Koyaanisqatsi,1982,https://boxd.it/1U9E,4.5
2022-04-13,Bean,1997,https://boxd.it/28WA,3.5
2022-04-14,It,1990,https://boxd.it/26tG,3
2022-04-14,Body of Lies,2008,https://boxd.it/1SvS,3
2022-04-16,Sosia - La vita degli altri,2021,https://boxd.it/wGWE,1.5
2022-04-16,Super Fantozzi,1986,https://boxd.it/SnC,3
2022-04-16,Fantozzi 2000 - The Cloning,1999,https://boxd.it/YOk,2.5
2022-04-16,Harakiri,1962,https://boxd.it/1NTU,4.5
2022-04-18,Fantastic Beasts: The Secrets of Dumbledore,2022,https://boxd.it/bg8Q,3.5
2022-04-20,Il Sorpasso,1962,https://boxd.it/1y7Q,4
2022-04-21,Wild Strawberries,1957,https://boxd.it/29ZU,4.5
2022-04-21,What Dreams May Come,1998,https://boxd.it/1SoM,3
2022-04-22,Murder on the Orient Express,2017,https://boxd.it/dHjA,3
2022-04-22,Death on the Nile,2022,https://boxd.it/ifpg,3
2022-04-27,Ju-on: The Beginning of the End,2014,https://boxd.it/7FDG,1.5
2022-04-27,The Northman,2022,https://boxd.it/nK2s,4
2022-04-28,Vortex,2021,https://boxd.it/uoni,4.5
2022-04-30,Je Tu Il Elle,1974,https://boxd.it/3gWK,3.5
2022-04-30,The Words,2012,https://boxd.it/2Wpw,3
2022-05-03,Fermat's Room,2007,https://boxd.it/22Ue,2.5
2022-05-04,Tetsuo: The Bullet Man,2009,https://boxd.it/zZ8,2.5
2022-05-05,Doctor Strange in the Multiverse of Madness,2022,https://boxd.it/gaTc,4
2022-05-05,Zoolander 2,2016,https://boxd.it/aNBE,2.5
2022-05-05,Sherlock: The Abominable Bride,2016,https://boxd.it/dbTQ,4
2022-05-05,2012,2009,https://boxd.it/1OE2,2.5
2022-05-05,The Falcon and the Winter Soldier,2021,https://boxd.it/sbH6,3
2022-05-05,WandaVision,2021,https://boxd.it/sbGW,3.5
2022-05-05,Hawkeye,2021,https://boxd.it/xQqK,3.5
2022-05-05,Euphoria: Trouble Don't Last Always,2020,https://boxd.it/ta4a,3.5
2022-05-05,Euphoria: F*ck Anyone Who’s Not a Sea Blob,2021,https://boxd.it/tMkU,3.5
2022-05-05,Tear Along the Dotted Line,2021,https://boxd.it/y2r6,4
2022-05-05,Dexter: New Blood,2021,https://boxd.it/yRnO,2.5
2022-05-05,Midnight Mass,2021,https://boxd.it/wvVA,4
2022-05-05,The Queen's Gambit,2020,https://boxd.it/s1Ym,4
2022-05-05,The Haunting of Bly Manor,2020,https://boxd.it/rUdS,3
2022-05-05,The Haunting of Hill House,2018,https://boxd.it/kfJ0,4
2022-05-05,The Last Dance,2020,https://boxd.it/pVfc,4
2022-05-05,The ABC Murders,2018,https://boxd.it/kP5g,3
2022-05-05,Over the Garden Wall,2014,https://boxd.it/eqFw,4.5
2022-05-05,The Young Pope,2016,https://boxd.it/g3y2,4
2022-05-05,The New Pope,2020,https://boxd.it/oWDC,3.5
2022-05-05,Watchmen,2019,https://boxd.it/ol5e,4.5
2022-05-05,Dracula,2020,https://boxd.it/ozuM,2
2022-05-05,And Then There Were None,2015,https://boxd.it/cTHC,3.5
2022-05-05,Chernobyl,2019,https://boxd.it/mkbG,4
2022-05-05,Marvel's The Defenders,2017,https://boxd.it/oszg,2.5
2022-05-05,The Night Of,2016,https://boxd.it/eC1I,4
2022-05-05,Patrick Melrose,2018,https://boxd.it/j1Pc,3.5
2022-05-05,Chivalry of a Failed Knight,2015,https://boxd.it/rujU,2.5
2022-05-05,Neon Genesis Evangelion,1995,https://boxd.it/ptEI,4
2022-05-05,Death Note,2006,https://boxd.it/psEs,4
2022-05-05,Black Mirror: The National Anthem,2011,https://boxd.it/hQYK,3.5
2022-05-05,Black Mirror: Fifteen Million Merits,2011,https://boxd.it/hQYU,4
2022-05-05,Black Mirror: The Entire History of You,2011,https://boxd.it/hQZ4,4
2022-05-05,Black Mirror: Be Right Back,2013,https://boxd.it/hRpw,3.5
2022-05-05,Black Mirror: White Bear,2013,https://boxd.it/hRpG,3.5
2022-05-05,Black Mirror: White Christmas,2014,https://boxd.it/B3qu,3
2022-05-05,Black Mirror: Nosedive,2016,https://boxd.it/hK9G,3.5
2022-05-05,Black Mirror: Playtest,2016,https://boxd.it/hRR6,4
2022-05-05,Black Mirror: Shut Up and Dance,2016,https://boxd.it/hRRq,4.5
2022-05-05,Black Mirror: San Junipero,2016,https://boxd.it/k4aS,4
2022-05-05,Black Mirror: Men Against Fire,2016,https://boxd.it/hSBS,3
2022-05-05,Black Mirror: Hated in the Nation,2016,https://boxd.it/hSBI,3
2022-05-05,Black Mirror: USS Callister,2017,https://boxd.it/hQXi,4
2022-05-05,Black Mirror: Arkangel,2017,https://boxd.it/hQXW,2.5
2022-05-05,Black Mirror: Crocodile,2017,https://boxd.it/hRoS,3
2022-05-05,Black Mirror: Hang the DJ,2017,https://boxd.it/hQYA,3.5
2022-05-05,Black Mirror: Metalhead,2017,https://boxd.it/hRqk,2.5
2022-05-05,Black Mirror: Black Museum,2017,https://boxd.it/hRqu,2.5
2022-05-05,Black Mirror: Striking Vipers,2019,https://boxd.it/mlse,3
2022-05-05,Black Mirror: Smithereens,2019,https://boxd.it/mltc,3.5
2022-05-05,"Black Mirror: Rachel, Jack and Ashley Too",2019,https://boxd.it/mltQ,2.5
2022-05-05,Black Mirror: The Waldo Moment,2013,https://boxd.it/hRpQ,2.5
2022-05-06,Chungking Express,1994,https://boxd.it/1UDa,3.5
2022-05-06,The Lost City of Z,2016,https://boxd.it/a7jS,3.5
2022-05-07,Lola,1981,https://boxd.it/273u,3.5
2022-05-07,Fantastic Beasts: The Crimes of Grindelwald,2018,https://boxd.it/bg8G,2.5
2022-05-08,Solo: A Star Wars Story,2018,https://boxd.it/bGWs,3
2022-05-08,Family Guy Presents: Blue Harvest,2007,https://boxd.it/oiw2,3.5
2022-05-08,"Family Guy Presents: Something, Something, Something, Dark Side",2009,https://boxd.it/naPy,3
2022-05-08,Family Guy Presents: It's a Trap!,2010,https://boxd.it/8v4S,3
2022-05-09,Twin Peaks: The Return,2017,https://boxd.it/hN9O,4.5
2022-05-10,Ju-On: Origins,2020,https://boxd.it/t8hm,3.5
2022-05-11,Los Bandoleros,2009,https://boxd.it/7sbY,2.5
2022-05-12,Choose or Die,2022,https://boxd.it/vDag,2
2022-05-14,"Mickey, Donald, Goofy: The Three Musketeers",2004,https://boxd.it/1BZc,3.5
2022-05-16,Beau Travail,1999,https://boxd.it/1NI8,4
2022-05-17,Rabid,1977,https://boxd.it/1nuk,3
2022-05-17,Predators,2010,https://boxd.it/1d9m,3
2022-05-17,AVP: Alien vs. Predator,2004,https://boxd.it/2atU,2
2022-05-17,The Mummy,2017,https://boxd.it/8HnW,1.5
2022-05-18,Scanners,1981,https://boxd.it/1YqE,3.5
2022-05-21,Cosmopolis,2012,https://boxd.it/H4O,4.5
2022-05-21,Spider,2002,https://boxd.it/1YeI,3.5
2022-05-24,Don Juan,2022,https://boxd.it/orPs,2.5
2022-05-24,November,2022,https://boxd.it/v3JO,3.5
2022-05-24,Joyland,2022,https://boxd.it/AlzM,4
2022-05-25,Forever Young,2022,https://boxd.it/w2zA,3.5
2022-05-25,The Dam,2022,https://boxd.it/Aam8,3
2022-05-25,Nostalgia,2022,https://boxd.it/jKyK,3.5
2022-05-25,Decision to Leave,2022,https://boxd.it/qp9e,4.5
2022-05-26,Crimes of the Future,2022,https://boxd.it/uTuY,4
2022-05-26,Finding Dory,2016,https://boxd.it/4aAA,3
2022-05-26,The Trial,1962,https://boxd.it/25Xg,3.5
2022-05-26,The Last Airbender,2010,https://boxd.it/1WQK,2
2022-05-26,Death Note,2017,https://boxd.it/bOS4,1.5
2022-05-26,The Fault in Our Stars,2014,https://boxd.it/6BQa,2.5
2022-05-26,Florence Foster Jenkins,2016,https://boxd.it/abbS,3
2022-05-26,Where Am I Going?,2016,https://boxd.it/d0rm,3
2022-05-26,Welcome Mr. President!,2013,https://boxd.it/5t8M,2.5
2022-05-26,Cloud Atlas,2012,https://boxd.it/2W60,4
2022-05-26,Welcome to the South,2010,https://boxd.it/IvQ,2.5
2022-05-26,Green Lantern,2011,https://boxd.it/QN4,1.5
2022-05-26,The Santa Claus Gang,2010,https://boxd.it/lji,2.5
2022-05-26,The Tourist,2010,https://boxd.it/17Hs,2
2022-05-26,What a Beautiful Day,2011,https://boxd.it/wQC,2.5
2022-05-30,Klute,1971,https://boxd.it/2ako,4
2022-06-01,The Dark Tower,2017,https://boxd.it/bU66,2
2022-06-01,Daredevil,2003,https://boxd.it/1YzG,2
2022-06-01,Paycheck,2003,https://boxd.it/1YdA,3
2022-06-02,Dazed and Confused,1993,https://boxd.it/1Ylk,3.5
2022-06-03,Jurassic World Dominion,2022,https://boxd.it/ikXW,2.5
2022-06-03,eXistenZ,1999,https://boxd.it/27Ni,4
2022-06-03,Chip 'n Dale: Rescue Rangers,2022,https://boxd.it/eSk2,3.5
2022-06-06,Repo Man,1984,https://boxd.it/1Plg,3.5
2022-06-07,Everything Everywhere All at Once,2022,https://boxd.it/jUk4,4.5
2022-06-07,Knowing,2009,https://boxd.it/1Pmy,3
2022-06-07,War of the Worlds,2005,https://boxd.it/2bde,3
2022-06-08,The Grudge,2019,https://boxd.it/gE0Q,2
2022-06-10,Cheaper by the Dozen,2003,https://boxd.it/1USa,3
2022-06-11,The Brood,1979,https://boxd.it/1ovS,4
2022-06-15,Clue,1985,https://boxd.it/1MDQ,3.5
2022-06-17,The Last Temptation of Christ,1988,https://boxd.it/1ULe,4
2022-06-20,City Lights,1931,https://boxd.it/29ki,4.5
2022-06-20,The Greatest Showman,2017,https://boxd.it/acjI,3
2022-06-21,Red Riding Hood,2011,https://boxd.it/Fle,2.5
2022-06-21,Lightyear,2022,https://boxd.it/qV1G,3
2022-06-23,Obi-Wan Kenobi,2022,https://boxd.it/yLBA,2.5
2022-06-24,A Million Ways to Die in the West,2014,https://boxd.it/5H9k,2
2022-06-27,Your Honor,2020,https://boxd.it/sBBe,2.5
2022-06-27,Unbelievable,2019,https://boxd.it/noio,4
2022-06-27,The Undoing,2020,https://boxd.it/rlRo,3.5
2022-06-28,The Purge,2013,https://boxd.it/4Xg0,2.5
2022-06-28,The Purge: Anarchy,2014,https://boxd.it/71zk,2.5
2022-06-28,The Purge: Election Year,2016,https://boxd.it/ae5I,2.5
2022-06-29,The Black Phone,2021,https://boxd.it/sqFE,3
2022-06-30,Death to 2021,2021,https://boxd.it/yj28,3
2022-06-30,Blind Chance,1987,https://boxd.it/2b4G,3.5
2022-07-04,Heat,1995,https://boxd.it/2bg8,4
2022-07-08,Thor: Love and Thunder,2022,https://boxd.it/mMAY,3.5
2022-07-10,Solaris,2002,https://boxd.it/27qS,3.5
2022-07-11,Taste of Cherry,1997,https://boxd.it/1m8W,4
2022-07-11,Being James Bond,2021,https://boxd.it/wMWA,3
2022-07-16,Amores Perros,2000,https://boxd.it/2bfu,4
2022-07-16,Ring,1998,https://boxd.it/26tw,3.5
2022-07-19,The Decameron,1971,https://boxd.it/1fdq,3.5
2022-07-20,Alphaville,1965,https://boxd.it/20AG,4.5
2022-07-22,Ju-on: The Final Curse,2015,https://boxd.it/bFR2,2
2022-07-23,Exam,2009,https://boxd.it/1mn8,2.5
2022-07-23,Adrift,2017,https://boxd.it/fVci,2.5
2022-07-25,Super 8,2011,https://boxd.it/dVI,3
2022-07-31,Marley & Me,2008,https://boxd.it/1Ola,2.5
2022-08-04,Touki Bouki,1973,https://boxd.it/2H44,3
2022-08-08,Prey,2022,https://boxd.it/sNBU,3.5
2022-08-08,Ms. Marvel,2022,https://boxd.it/ANCY,3
2022-08-10,Five Easy Pieces,1970,https://boxd.it/1tww,4
2022-08-10,27 Dresses,2008,https://boxd.it/21x4,2.5
2022-08-10,Bride Wars,2009,https://boxd.it/1W3I,2.5
2022-08-10,An Officer and a Gentleman,1982,https://boxd.it/26xS,3.5
2022-08-12,Anatomy of a Murder,1959,https://boxd.it/2baa,4.5
2022-08-12,Sense8: Happy F*cking New Year,2016,https://boxd.it/rP4w,4
2022-08-12,Sense8: Amor Vincit Omnia,2018,https://boxd.it/rP4Q,3.5
2022-08-13,Possessor,2020,https://boxd.it/fsJW,4
2022-08-13,Nope,2022,https://boxd.it/sDCe,4
2022-08-19,Spinning Man,2018,https://boxd.it/gmAc,2.5
2022-08-22,Diabolique,1955,https://boxd.it/29we,4
2022-08-23,The Twilight Saga: Eclipse,2010,https://boxd.it/1ytW,2
2022-08-23,Twilight,2008,https://boxd.it/1Zui,2.5
2022-08-23,The Gray Man,2022,https://boxd.it/rb7q,3
2022-08-24,Saw V,2008,https://boxd.it/1SMa,2
2022-08-30,Ricky Gervais: Humanity,2018,https://boxd.it/ipiO,4
2022-08-30,The Interview,2014,https://boxd.it/6KQ4,3
2022-08-30,The Monuments Men,2014,https://boxd.it/4OxQ,2.5
2022-08-30,Brain Drain,2013,https://boxd.it/726S,1
2022-08-30,Attack the Block,2011,https://boxd.it/hFO,3
2022-08-30,Women Vs Men,2011,https://boxd.it/kmU,2
2022-08-30,Men Vs Women,2010,https://boxd.it/q8Y,2.5
2022-08-30,The Cosmos on the Commode,2008,https://boxd.it/1yaK,2
2022-08-30,That's Life,1998,https://boxd.it/164k,3.5
2022-08-30,"The Rich, the Pauper and the Butler",2014,https://boxd.it/9X5w,2.5
2022-08-30,Inkheart,2008,https://boxd.it/26XG,2.5
2022-08-30,7 and 8,2007,https://boxd.it/J6M,3
2022-08-30,Eragon,2006,https://boxd.it/26Fs,2
2022-08-30,The Devil Wears Prada,2006,https://boxd.it/2awE,3
2022-08-30,The Chorus,2004,https://boxd.it/22X8,3.5
2022-08-30,The Mummy: Tomb of the Dragon Emperor,2008,https://boxd.it/28ci,2
2022-08-30,Lucky and Zorba,1998,https://boxd.it/EGK,4
2022-08-30,Sister Act,1992,https://boxd.it/27EA,3
2022-08-30,The Jungle Book,1967,https://boxd.it/1YY2,3.5
2022-09-02,TÁR,2022,https://boxd.it/uNIA,3.5
2022-09-02,"BARDO, False Chronicle of a Handful of Truths",2022,https://boxd.it/pAgy,4.5
2022-09-02,Crash,1996,https://boxd.it/29n2,4
2022-09-04,Godzilla,1954,https://boxd.it/28kc,3.5
2022-09-05,Poltergeist,1982,https://boxd.it/2a0o,4
2022-09-05,X,2022,https://boxd.it/sxVa,3.5
2022-09-05,Ricky Gervais: SuperNature,2022,https://boxd.it/AKvK,3.5
2022-09-05,Pearl,2022,https://boxd.it/zPbe,4
2022-09-06,Don't Worry Darling,2022,https://boxd.it/mViu,2.5
2022-09-06,Love Life,2022,https://boxd.it/yXzm,3.5
2022-09-07,Valerie and Her Week of Wonders,1970,https://boxd.it/NsC,4.5
2022-09-10,WHAT DID JACK DO?,2017,https://boxd.it/jcWe,3.5
2022-09-13,Pistol,2022,https://boxd.it/Ay6o,4
2022-09-21,The Magic Flute,1975,https://boxd.it/QUa,3.5
2022-09-21,The Sacrament,2013,https://boxd.it/6iEY,3
2022-09-24,Y Tu Mamá También,2001,https://boxd.it/28QM,4
2022-09-25,Avatar,2009,https://boxd.it/1Efm,4
2022-09-30,The Innkeepers,2011,https://boxd.it/kpu,3.5
2022-10-01,Kick-Ass,2010,https://boxd.it/1zaQ,4.5
2022-10-02,In Bruges,2008,https://boxd.it/20n8,4.5
2022-10-03,Roman Holiday,1953,https://boxd.it/29zW,3.5
2022-10-04,You're Next,2011,https://boxd.it/2WWK,3
2022-10-08,The Vanishing,1988,https://boxd.it/1ZTW,4.5
2022-10-08,Demons,1985,https://boxd.it/1OTQ,4
2022-10-09,Werewolf by Night,2022,https://boxd.it/xMrO,2.5
2022-10-12,Son of the White Mare,1981,https://boxd.it/10f2,4
2022-10-15,Halloween Ends,2022,https://boxd.it/mO8M,2
2022-10-23,Repulsion,1965,https://boxd.it/1TKu,4
2022-10-24,Terrifier,2016,https://boxd.it/eRzg,2.5
2022-10-25,Snatch,2000,https://boxd.it/2b7U,3.5
2022-10-29,Lot 36,2022,https://boxd.it/Dk7I,3
2022-11-01,Pierrot le Fou,1965,https://boxd.it/26j2,4
2022-11-02,Graveyard Rats,2022,https://boxd.it/DkfM,3.5
2022-11-02,The Water,2022,https://boxd.it/zirS,4
2022-11-07,Cure,1997,https://boxd.it/1blA,4
2022-11-09,La Notte,1961,https://boxd.it/10iU,4.5
2022-11-11,The Autopsy,2022,https://boxd.it/Dkgg,4
2022-11-13,The Outside,2022,https://boxd.it/DkgA,3
2022-11-14,Black Panther: Wakanda Forever,2022,https://boxd.it/igPu,3.5
2022-11-18,Donkey Skin,1970,https://boxd.it/22V2,3
2022-11-19,Pickman's Model,2022,https://boxd.it/DkgU,2.5
2022-11-21,Disenchanted,2022,https://boxd.it/bg9E,2.5
2022-11-25,Ace in the Hole,1951,https://boxd.it/1vXk,4
2022-11-26,The Guardians of the Galaxy Holiday Special,2022,https://boxd.it/t77K,3.5
2022-11-28,Angst,1983,https://boxd.it/1G46,4
2022-11-30,Hunger,2008,https://boxd.it/1Wso,3.5
2022-12-06,Triangle of Sadness,2022,https://boxd.it/hXlq,4.5
2022-12-10,Guillermo del Toro's Pinocchio,2022,https://boxd.it/kjMW,3.5
2022-12-13,Naked,1993,https://boxd.it/1BT4,3.5
2022-12-13,Naked,2017,https://boxd.it/fmDe,2
2022-12-13,Smile,2022,https://boxd.it/xjfE,2.5
2022-12-17,Avatar: The Way of Water,2022,https://boxd.it/2E2E,3.5
2022-12-18,Tokyo Story,1953,https://boxd.it/1HuY,4
2022-12-19,Sweetie,1989,https://boxd.it/4HM,3
2022-12-19,Black Christmas,1974,https://boxd.it/1Js6,3.5
2022-12-23,Kwaidan,1964,https://boxd.it/1kbY,4.5
2022-12-26,A Christmas Tale,2008,https://boxd.it/1ZEs,4
2022-12-30,Last Vegas,2013,https://boxd.it/4pFA,3
2022-12-30,Resident Evil: Extinction,2007,https://boxd.it/20Oy,2.5
2022-12-31,Close-Up,1990,https://boxd.it/1m9q,4.5
2023-01-03,The Fabelmans,2022,https://boxd.it/ugoM,3.5
2023-01-07,Life,2017,https://boxd.it/dRqG,3
2023-01-09,Puss in Boots: The Last Wish,2022,https://boxd.it/aaie,4
2023-01-10,Stereo (Tile 3B of a CAEE Educational Mosaic),1969,https://boxd.it/1f1u,3.5
2023-01-17,The Banshees of Inisherin,2022,https://boxd.it/p7XS,4.5
2023-01-19,Maps to the Stars,2014,https://boxd.it/4WCu,4
2023-01-26,Glass Onion,2022,https://boxd.it/oCkK,3.5
2023-01-31,A Couch in New York,1996,https://boxd.it/KJU,3
2023-01-31,Snowden,2016,https://boxd.it/9CWO,3.5
2023-02-05,Terrifier 2,2022,https://boxd.it/oI10,3.5
2023-02-06,Hideous,2022,https://boxd.it/AiUs,4
2023-02-07,21 & Over,2013,https://boxd.it/3DOk,2
2023-02-07,Top Gun,1986,https://boxd.it/29JC,2.5
2023-02-10,Babylon,2022,https://boxd.it/mM02,4.5
2023-02-15,Top Gun: Maverick,2022,https://boxd.it/cjr4,3.5
2023-02-16,A Short Film About Love,1988,https://boxd.it/1jXC,3.5
2023-02-19,I Am the Abyss,2022,https://boxd.it/wciE,2
2023-02-21,Ant-Man and the Wasp: Quantumania,2023,https://boxd.it/nL2y,2
2023-02-24,Barbie in the 12 Dancing Princesses,2006,https://boxd.it/1R34,3
2023-02-27,All Quiet on the Western Front,2022,https://boxd.it/H08,4
2023-03-07,F9,2021,https://boxd.it/dqsU,2
2023-03-08,The Similars,2015,https://boxd.it/81CK,3
2023-03-12,Under the Silver Lake,2018,https://boxd.it/dSAs,4
2023-03-12,Skinamarink,2022,https://boxd.it/ByDO,4.5
2023-03-13,Creed II,2018,https://boxd.it/hgl8,3
2023-03-14,Pleasure,2021,https://boxd.it/lPcy,3
2023-03-17,Creed III,2023,https://boxd.it/pf68,3
2023-03-18,The Last of Sheila,1973,https://boxd.it/1u5G,3.5
2023-03-18,National Theatre Live: Frankenstein,2011,https://boxd.it/67CM,4
2023-03-20,Sadako vs. Kayako,2016,https://boxd.it/dk98,2.5
2023-03-25,Rocky II,1979,https://boxd.it/28Ua,4
2023-03-26,Metropolis,1927,https://boxd.it/71a,5
2023-03-27,Rocky IV,1985,https://boxd.it/28T2,3
2023-04-09,Gone Baby Gone,2007,https://boxd.it/23R6,3.5
2023-04-10,My Friends,1975,https://boxd.it/1CI2,4
2023-04-11,Next Door,2005,https://boxd.it/2a6c,3
2023-04-12,Frantic,1988,https://boxd.it/1VFm,3.5
2023-04-13,Dead Ringers,1988,https://boxd.it/1Yqk,4
2023-04-14,Rocky V,1990,https://boxd.it/28SS,2.5
2023-04-16,The Super Mario Bros. Movie,2023,https://boxd.it/i8C8,3.5
2023-04-20,Rocky Balboa,2006,https://boxd.it/291q,3.5
2023-04-22,Speak No Evil,2022,https://boxd.it/vqlg,4
2023-04-24,Star Wars Rebels: Spark of Rebellion,2014,https://boxd.it/8VUg,3
2023-04-26,Scream VI,2023,https://boxd.it/zdfW,3
2023-04-27,BEEF,2023,https://boxd.it/FPsm,4
2023-04-28,Money Shot: The Pornhub Story,2023,https://boxd.it/F7uo,2
2023-04-29,A Dangerous Method,2011,https://boxd.it/IYo,3.5
2023-05-02,After Ever Happy,2022,https://boxd.it/rWv0,1
2023-05-02,Picnic at Hanging Rock,1975,https://boxd.it/1UQe,3.5
2023-05-04,Evil Dead Rise,2023,https://boxd.it/qIvo,3.5
2023-05-11,How to Train Your Dragon,2010,https://boxd.it/1WRy,4
2023-05-13,Dreams in the Witch House,2022,https://boxd.it/Dkh4,2.5
2023-05-17,The Viewing,2022,https://boxd.it/Dkhy,4
2023-05-17,The Internship,2013,https://boxd.it/3SWS,2.5
2023-05-18,Breaking Surface,2020,https://boxd.it/mO88,3
2023-05-19,How to Train Your Dragon 2,2014,https://boxd.it/2TRW,3.5
2023-05-20,How to Train Your Dragon: The Hidden World,2019,https://boxd.it/5a9w,4
2023-05-24,Star Wars: Episode I – The Phantom Menace,1999,https://boxd.it/27Vc,3.5
2023-06-04,The Dead Zone,1983,https://boxd.it/1U6g,3.5
2023-06-07,Spider-Man: Across the Spider-Verse,2023,https://boxd.it/kSz4,4.5
2023-06-07,Copenhagen Cowboy,2022,https://boxd.it/DBxo,3.5
2023-06-13,Fast X,2023,https://boxd.it/drIu,2
2023-06-16,Black Mirror: Joan Is Awful,2023,https://boxd.it/GWmi,3
2023-06-16,Last Night of Amore,2023,https://boxd.it/AYuG,4
2023-06-17,Black Mirror: Beyond the Sea,2023,https://boxd.it/H7QI,4
2023-06-18,Black Mirror: Mazey Day,2023,https://boxd.it/H7QS,2.5
2023-06-20,Black Mirror: Loch Henry,2023,https://boxd.it/H7Pg,3.5
2023-06-20,Black Mirror: Demon 79,2023,https://boxd.it/H7Rc,3
2023-06-20,Knife+Heart,2018,https://boxd.it/h5ko,4
2023-06-23,Die Another Day,2002,https://boxd.it/1a5G,2
2023-06-24,Mixed by Erry,2023,https://boxd.it/yIQi,3.5
2023-06-29,Bullet Train,2022,https://boxd.it/qW26,3
2023-06-30,Indiana Jones and the Dial of Destiny,2023,https://boxd.it/b8vM,3
2023-07-02,Manhunter,1986,https://boxd.it/1TOw,4.5
2023-07-03,The Murmuring,2022,https://boxd.it/DkhI,3.5
2023-07-10,Mission: Impossible,1996,https://boxd.it/29d2,4
2023-07-12,Mission: Impossible III,2006,https://boxd.it/29cI,3.5
2023-07-13,Mission: Impossible – Rogue Nation,2015,https://boxd.it/5rI4,4
2023-07-13,Mission: Impossible – Dead Reckoning,2023,https://boxd.it/l7zS,3.5
2023-07-22,Basic Instinct,1992,https://boxd.it/2asM,3
2023-07-23,The Graduate,1967,https://boxd.it/18Im,4
2023-07-24,Unfaithful,2002,https://boxd.it/275A,2.5
2023-07-25,Barbie,2023,https://boxd.it/bCLK,3.5
2023-07-27,Moon Knight,2022,https://boxd.it/zeDq,2.5
2023-07-27,She-Hulk: Attorney at Law,2022,https://boxd.it/CjLK,2.5
2023-07-27,Loki,2021,https://boxd.it/sbHg,3.5
2023-07-28,The Crow,1994,https://boxd.it/1Yxq,4
2023-07-29,They Cloned Tyrone,2023,https://boxd.it/rE7a,3.5
2023-08-09,The Prestige,2006,https://boxd.it/293w,3.5
2023-08-24,Oppenheimer,2023,https://boxd.it/wUow,4.5
2023-08-25,The Last Hours of Mario Biondo,2023,https://boxd.it/HTYK,1.5
2023-08-28,The Killing,1956,https://boxd.it/2aMi,3.5
2023-08-31,The Sun Will Rise,2023,https://boxd.it/HMuS,4
2023-08-31,The Order of Time,2023,https://boxd.it/D1NU,2.5
2023-09-01,The Commander,2023,https://boxd.it/DCWu,3.5
2023-09-01,Stolen,2023,https://boxd.it/HJAe,3.5
2023-09-01,Dogman,2023,https://boxd.it/zD38,3
2023-09-02,El Conde,2023,https://boxd.it/Bt4O,4
2023-09-03,Adagio,2023,https://boxd.it/CE5U,3
2023-09-03,Poor Things,2023,https://boxd.it/tNWU,4.5
2023-09-04,The Killer,2023,https://boxd.it/u6WE,4
2023-09-05,The Dreamer,2023,https://boxd.it/Al3c,4
2023-09-05,Priscilla,2023,https://boxd.it/Cz3k,3.5
2023-09-06,Green Border,2023,https://boxd.it/GqGq,4.5
2023-09-07,Shadow of Fire,2023,https://boxd.it/EL86,3.5
2023-09-07,Io Capitano,2023,https://boxd.it/zmrM,3
2023-09-08,Snow Leopard,2023,https://boxd.it/BFm6,3
2023-09-09,Forever-Forever,2023,https://boxd.it/AWpE,3
2023-09-09,Enea,2023,https://boxd.it/E2vO,4
2023-09-09,Secret Invasion,2023,https://boxd.it/HcqU,2.5
2023-09-09,Venom,2018,https://boxd.it/b8wA,2.5
2023-09-09,Glass,2019,https://boxd.it/g3uO,3
2023-09-09,The First King,2019,https://boxd.it/kIA2,4
2023-09-09,Humanist Vampire Seeking Consenting Suicidal Person,2023,https://boxd.it/Blzk,4
2023-09-09,Out of Season,2023,https://boxd.it/Dxdk,4
2023-09-10,Saw VI,2009,https://boxd.it/1A2y,2
2023-09-11,Closer,2004,https://boxd.it/270K,3.5
2023-09-13,Ronin,1998,https://boxd.it/20wa,2.5
2023-09-15,A Haunting in Venice,2023,https://boxd.it/zGdg,3
2023-09-25,Missing,2023,https://boxd.it/sS1W,3.5
2023-09-30,The Wonderful Story of Henry Sugar,2023,https://boxd.it/yNyo,4
2023-10-06,Asteroid City,2023,https://boxd.it/s3ds,4
2023-10-07,Talk to Me,2022,https://boxd.it/C6uQ,3.5
2023-10-10,Zombeavers,2014,https://boxd.it/7tKg,2
2023-10-11,Totally Killer,2023,https://boxd.it/AOpG,2
2023-10-17,Thesis,1996,https://boxd.it/1Z1U,3.5
2023-10-23,Killers of the Flower Moon,2023,https://boxd.it/gHp0,4
2023-10-23,Guardians of the Galaxy Vol. 3,2023,https://boxd.it/fVNI,4
2023-10-24,The Beyond,1981,https://boxd.it/1FtY,3.5
2023-10-27,Gli ospiti,2023,https://boxd.it/H5iu,3.5
2023-10-30,The Nice Guys,2016,https://boxd.it/94Hg,3.5
2023-11-01,Saw X,2023,https://boxd.it/zUWk,2.5
2023-11-05,The Menu,2022,https://boxd.it/lScm,3
2023-11-05,Come and See,1985,https://boxd.it/1w9q,4.5
2023-11-06,Anatomy of a Fall,2023,https://boxd.it/yuDE,4
2023-11-07,King Kong,2005,https://boxd.it/2aLa,3.5
2023-11-08,Killer Klowns from Outer Space,1988,https://boxd.it/1Kpi,3
2023-11-15,The Fall of the House of Usher,2023,https://boxd.it/IWYg,4
2023-11-17,Doctor Sleep,2019,https://boxd.it/i5vI,3.5
2023-11-18,Air,2023,https://boxd.it/Arlc,3
2023-11-20,The Marvels,2023,https://boxd.it/mwU4,3
2023-11-22,Krampus,2015,https://boxd.it/8Wy6,2.5
2023-11-23,The Quick and the Dead,1995,https://boxd.it/1Sx0,3
2023-11-29,Italiano medio,2015,https://boxd.it/anAK,3
2023-11-29,The 2 Usual Idiots,2012,https://boxd.it/4NfQ,1
2023-12-01,The Hunger Games: Mockingjay – Part 1,2014,https://boxd.it/4hka,2.5
2023-12-02,Napoleon,2023,https://boxd.it/shJM,3.5
2023-12-05,The Hunger Games: The Ballad of Songbirds & Snakes,2023,https://boxd.it/pZCY,3.5
2023-12-13,Inside,2007,https://boxd.it/1QqG,4
2023-12-23,It's a Wonderful Life,1946,https://boxd.it/28xA,4
2023-12-25,Lethal Weapon,1987,https://boxd.it/29e0,3.5
2023-12-26,Love Actually,2003,https://boxd.it/2aeU,3.5
2023-12-27,Leave the World Behind,2023,https://boxd.it/re0i,3
2023-12-27,Lethal Weapon 2,1989,https://boxd.it/29dQ,3
2023-12-30,Pixels,2015,https://boxd.it/7BaA,1.5
2024-01-02,After Everything,2023,https://boxd.it/uVaG,1.5
2024-01-05,Spy Kids: Armageddon,2023,https://boxd.it/tJMQ,2
2024-01-06,Princess Mononoke,1997,https://boxd.it/2b4w,4
2024-01-07,Bambi,1942,https://boxd.it/25AQ,3.5
2024-01-12,Jack Reacher,2012,https://boxd.it/2BUo,3
2024-01-13,Edge of Tomorrow,2014,https://boxd.it/4pD0,3.5
2024-01-14,Miami Vice,2006,https://boxd.it/2bbW,3
2024-01-15,The Swan,2023,https://boxd.it/Is80,3.5
2024-01-15,Saw,2003,https://boxd.it/7eiG,3.5
2024-01-15,The Stunt Double,2020,https://boxd.it/roa8,3
2024-01-15,The Nest,2013,https://boxd.it/8wo0,3.5
2024-01-15,Monster,2005,https://boxd.it/7Og2,3.5
2024-01-15,Brothers,2013,https://boxd.it/dVNa,3.5
2024-01-15,Michael Jackson's Thriller,1983,https://boxd.it/3e76,4
2024-01-15,Marvel Studios: Assembling a Universe,2014,https://boxd.it/7Hkc,2.5
2024-01-16,Dopesick,2021,https://boxd.it/xqJm,4
2024-01-16,Wings of Desire,1987,https://boxd.it/2b26,4.5
2024-01-18,The Boy and the Heron,2023,https://boxd.it/ipeM,4
2024-01-19,There's Still Tomorrow,2023,https://boxd.it/COrw,4
2024-01-22,Good Will Hunting,1997,https://boxd.it/2ahY,3.5
2024-01-25,Perfect Days,2023,https://boxd.it/ATh8,4.5
2024-02-06,Saint Maud,2019,https://boxd.it/l8QA,3.5
2024-02-07,Cars,2006,https://boxd.it/29ho,3.5
2024-02-12,Dune,2021,https://boxd.it/fA7G,4
2024-02-14,Perfect Blue,1997,https://boxd.it/1W7A,4
2024-02-15,Saludos Amigos,1942,https://boxd.it/1N8u,3
2024-02-19,Past Lives,2023,https://boxd.it/oNB8,4
2024-03-01,Cars 3,2017,https://boxd.it/7IPq,3.5
2024-03-03,Dune: Part Two,2024,https://boxd.it/pUfA,4.5
2024-03-04,Echo,2024,https://boxd.it/KIjW,2
2024-03-05,American Fiction,2023,https://boxd.it/DYHm,3.5
2024-03-08,The Holdovers,2023,https://boxd.it/vHza,4.5
2024-03-16,Collateral,2004,https://boxd.it/28F0,3.5
2024-03-16,Maestro,2023,https://boxd.it/j0DE,3
2024-03-18,The Zone of Interest,2023,https://boxd.it/gJsA,4
2024-03-24,Primer,2004,https://boxd.it/6YA,4
2024-03-24,Coherence,2013,https://boxd.it/6xza,3.5
2024-03-30,Possession,1981,https://boxd.it/1BPm,4.5
2024-03-31,In the Mouth of Madness,1994,https://boxd.it/26vi,3.5
2024-04-01,Blade Runner,1982,https://boxd.it/2bcA,4.5
2024-04-02,Mamma Mia!,2008,https://boxd.it/1Tnq,3
2024-04-02,Mamma Mia! Here We Go Again,2018,https://boxd.it/gnfO,2.5
2024-04-05,Glorious,2022,https://boxd.it/zrn6,3
2024-04-17,Shivers,1975,https://boxd.it/1rPG,3.5
2024-04-18,Devs,2020,https://boxd.it/ppHI,4
2024-04-26,Civil War,2024,https://boxd.it/z1jW,4.5
2024-04-26,X-Men,2000,https://boxd.it/1a7s,3
2024-04-30,The Fog,1980,https://boxd.it/29Cc,3.5
2024-05-01,Challengers,2024,https://boxd.it/zld0,4
2024-05-03,A History of Violence,2005,https://boxd.it/2bfa,3
2024-05-05,X2,2003,https://boxd.it/1a7i,3.5
2024-05-05,X-Men Origins: Wolverine,2009,https://boxd.it/27ug,2
2024-05-07,Nosferatu the Vampyre,1979,https://boxd.it/21J0,4
2024-05-08,Baby Reindeer,2024,https://boxd.it/MwSa,4
2024-05-09,Let It Be,1970,https://boxd.it/1Dhw,3
2024-05-10,Knock at the Cabin,2023,https://boxd.it/npL2,3
2024-05-13,The Wolverine,2013,https://boxd.it/2CWU,3
2024-05-13,A Deadly Invitation,2023,https://boxd.it/IJMG,2
2024-05-13,X-Men: The Last Stand,2006,https://boxd.it/1a5Q,2
2024-05-16,Naked Lunch,1991,https://boxd.it/26ow,4.5
2024-05-23,Mad Max,1979,https://boxd.it/1Y7i,3
2024-05-24,Mad Max 2,1981,https://boxd.it/1ZPg,3.5
2024-05-25,Mad Max Beyond Thunderdome,1985,https://boxd.it/1YTm,3.5
2024-05-27,Furiosa: A Mad Max Saga,2024,https://boxd.it/tABk,4
2024-05-30,Late Night with the Devil,2023,https://boxd.it/zo6G,3.5
2024-05-30,Bubba Ho-tep,2002,https://boxd.it/1Y02,3.5
2024-06-03,High and Low,1963,https://boxd.it/1RSc,4.5
2024-06-10,Kinds of Kindness,2024,https://boxd.it/CWPw,3.5
2024-06-10,Thanksgiving,2023,https://boxd.it/EviY,3
2024-06-15,Identity,2003,https://boxd.it/26e2,2.5
2024-06-19,Deliverance,1972,https://boxd.it/1VGk,4
2024-06-26,Jumanji: The Next Level,2019,https://boxd.it/ixu4,3
2024-06-29,Logan,2017,https://boxd.it/7Piy,4
2024-06-30,Inside Out,2015,https://boxd.it/4KHC,4
2024-07-04,Inside Out 2,2024,https://boxd.it/CFrC,3.5
2024-07-09,Need for Speed,2014,https://boxd.it/4p90,2
2024-07-14,The 8 Show,2024,https://boxd.it/No9S,2
2024-07-15,The Three Caballeros,1944,https://boxd.it/1Lae,2.5
2024-07-21,Angel Heart,1987,https://boxd.it/29WG,3.5
2024-07-22,The Idea of You,2024,https://boxd.it/vOW6,2
2024-07-22,Scott Pilgrim Takes Off,2023,https://boxd.it/JLZk,4
2024-07-23,The Handmaiden,2016,https://boxd.it/948A,4
2024-07-25,Deadpool & Wolverine,2024,https://boxd.it/jq8s,3.5
2024-07-31,The Mothman Prophecies,2002,https://boxd.it/26xo,2.5
2024-08-07,Angels & Demons,2009,https://boxd.it/1Q9K,3.5
2024-08-10,Labyrinth,1986,https://boxd.it/1POC,3.5
2024-08-10,Infernal Affairs,2002,https://boxd.it/1Vqw,4
2024-08-13,Barbarian,2022,https://boxd.it/yohi,3.5
2024-08-14,The Lincoln Lawyer,2011,https://boxd.it/DRM,3
2024-08-17,The Sheltering Sky,1990,https://boxd.it/1yuK,4
2024-08-22,Alien: Romulus,2024,https://boxd.it/zGqO,4
2024-08-24,Bad Teacher,2011,https://boxd.it/yXA,2.5
2024-08-26,Longlegs,2024,https://boxd.it/KzLM,4
2024-08-27,Trap,2024,https://boxd.it/D4nK,2
2024-09-05,John Wick,2014,https://boxd.it/7dEc,3
2024-09-11,MaXXXine,2024,https://boxd.it/CIM4,3
2024-09-21,Network,1976,https://boxd.it/1VqG,4.5
2024-09-22,The Wicker Man,1973,https://boxd.it/1KnG,4
2024-09-23,Dial M for Murder,1954,https://boxd.it/2adW,4
2024-09-26,Ghostwatch,1992,https://boxd.it/MIO,4.5
2024-09-26,Fantasia,1940,https://boxd.it/29HG,4
2024-09-27,Saw 3D,2010,https://boxd.it/Znk,2
2024-09-29,Incendies,2010,https://boxd.it/Msm,4.5
2024-10-01,Adaptation.,2002,https://boxd.it/26mA,4
2024-10-03,A Nightmare on Elm Street,1984,https://boxd.it/2aw0,4
2024-10-06,Joker: Folie à Deux,2024,https://boxd.it/xBoE,3.5
2024-10-09,Lake Mungo,2008,https://boxd.it/1rWM,3.5
2024-10-14,The Wild Robot,2024,https://boxd.it/IWFy,4
2024-10-18,Megalopolis,2024,https://boxd.it/lPBS,4.5
2024-10-22,Viy,1967,https://boxd.it/nd2,3.5
2024-10-23,Vampyr,1932,https://boxd.it/29DY,4
2024-10-26,The Substance,2024,https://boxd.it/zanS,4
2024-10-27,Revenge,2017,https://boxd.it/gL9g,4
2024-11-01,Agatha All Along,2024,https://boxd.it/Q5dC,3.5
2024-11-04,The Great Mouse Detective,1986,https://boxd.it/1XlI,4
2024-11-04,The Consequences of Love,2004,https://boxd.it/1xgM,3.5
2024-11-06,The Guy Who Didn't Like Musicals,2018,https://boxd.it/kWgq,4
2024-11-10,Control,2007,https://boxd.it/22IC,3.5
2024-11-14,Invasion of the Body Snatchers,1956,https://boxd.it/1TAa,4
2024-11-17,House on Haunted Hill,1959,https://boxd.it/1Ln8,3.5
2024-11-18,Anora,2024,https://boxd.it/Egcw,4.5
2024-11-18,Blade,1998,https://boxd.it/1a8A,2.5
2024-11-23,The Penguin,2024,https://boxd.it/QkIU,4
2024-11-28,The Cube,1969,https://boxd.it/18qW,3.5
2024-11-28,Blade II,2002,https://boxd.it/1agO,2.5
2024-12-02,Christmas Holidays,1983,https://boxd.it/WTM,3
2024-12-12,The Holiday,2006,https://boxd.it/28ye,3
2024-12-14,The Muppet Christmas Carol,1992,https://boxd.it/1WgC,4
2024-12-15,Klaus,2019,https://boxd.it/ipoi,4.5
2024-12-18,Red One,2024,https://boxd.it/vTBM,2.5
2024-12-19,Blade: Trinity,2004,https://boxd.it/1a8q,2
2024-12-21,Conclave,2024,https://boxd.it/AO8q,3.5
2024-12-23,Fun and Fancy Free,1947,https://boxd.it/LXI,2.5
2024-12-26,Scrooged,1988,https://boxd.it/1Y9e,2.5
2024-12-26,The Monitor,2011,https://boxd.it/2xRg,3
2024-12-27,El Mariachi,1992,https://boxd.it/1YRq,3.5
2024-12-27,The Book of Boba Fett,2021,https://boxd.it/Damy,2.5
2024-12-28,Deathtrap,1982,https://boxd.it/1IpU,3.5
2024-12-28,The Traitor,2019,https://boxd.it/l8d4,4
2025-01-03,Carry-On,2024,https://boxd.it/C0B2,3
2025-01-04,The First Omen,2024,https://boxd.it/fx08,3.5
2025-01-06,Nosferatu,2024,https://boxd.it/f5eG,4.5
2025-01-10,Casablanca,1942,https://boxd.it/2aG0,4.5
2025-01-11,Compulsion,2017,https://boxd.it/hgCS,3
2025-01-11,Squid Game,2021,https://boxd.it/x1OG,3.5
2025-01-15,The Watchers,2024,https://boxd.it/F6Rw,2.5
2025-01-19,28 Days Later,2002,https://boxd.it/2aXU,4
2025-01-20,Disclaimer,2024,https://boxd.it/PDv4,3.5
2025-01-23,The Elephant Man,1980,https://boxd.it/27LQ,4.5
2025-01-25,The Apprentice,2024,https://boxd.it/IPqG,3.5
2025-01-27,Here,2024,https://boxd.it/zscS,3
2025-01-27,Bridget Jones's Diary,2001,https://boxd.it/29WQ,3
2025-01-28,Dune,1984,https://boxd.it/29tY,3.5
2025-01-28,Don't Look Now,1973,https://boxd.it/29fC,3.5
2025-02-04,Funeral Parade of Roses,1969,https://boxd.it/28Cg,4.5
2025-02-08,Blow Out,1981,https://boxd.it/1TlE,4
2025-02-10,The Brutalist,2024,https://boxd.it/k4BO,4.5
2025-02-16,Captain America: Brave New World,2025,https://boxd.it/uYDm,3
2025-02-17,"The Adventures of Priscilla, Queen of the Desert",1994,https://boxd.it/26mg,3.5
2025-02-19,Wicked,2024,https://boxd.it/e8ME,3.5
2025-02-19,My Bloody Valentine,1981,https://boxd.it/131M,3
2025-02-20,Last Night in Soho,2021,https://boxd.it/lbJC,4
2025-02-21,28 Weeks Later,2007,https://boxd.it/28Bi,2.5
2025-02-23,Bridget Jones: The Edge of Reason,2004,https://boxd.it/1XMa,2.5
2025-03-01,Dragon Ball DAIMA,2024,https://boxd.it/QoIY,3.5
2025-03-02,Crimes and Misdemeanors,1989,https://boxd.it/1Ty4,4
2025-03-03,Flow,2024,https://boxd.it/v1Ei,3.5
2025-03-08,The American Backyard,2024,https://boxd.it/Jd5M,3
2025-03-13,Train to Busan,2016,https://boxd.it/dSQU,3.5
2025-03-17,The Black Cauldron,1985,https://boxd.it/1UYW,3
2025-03-23,The Verdict,1982,https://boxd.it/1y3Y,4
2025-03-31,Presumed Innocent,1990,https://boxd.it/1UEW,3.5
2025-04-01,Mickey 17,2025,https://boxd.it/q1Dk,3
2025-04-07,The Shrouds,2024,https://boxd.it/AEZa,3.5
2025-04-07,Adolescence,2025,https://boxd.it/TFGw,4.5
2025-04-13,Dead Ringers,2023,https://boxd.it/G9uM,3.5
